timestamp,moisture,ph_sensor,npk_sensor,image_filename
2025-01-28 15:14:21,"{'value': 0, 'percentage': 0}","{'ph_value': 37.76, 'depth': 0.0, 'light': 178.0, 'temperature': 35.0}","{'nitrogen': 1, 'phosphorus': 1, 'potassium': 3}",images/image_20250128-151421.jpg
2025-01-28 15:14:30,"{'value': 0, 'percentage': 0}","{'ph_value': 37.76, 'depth': 0.0, 'light': 177.0, 'temperature': 35.0}","{'nitrogen': 1, 'phosphorus': 1, 'potassium': 3}",images/image_20250128-151430.jpg
2025-01-28 15:14:39,"{'value': 0, 'percentage': 0}","{'ph_value': 37.76, 'depth': 0.0, 'light': 181.0, 'temperature': 35.0}","{'nitrogen': 1, 'phosphorus': 1, 'potassium': 3}",images/image_20250128-151439.jpg
2025-01-28 15:20:27,"{'value': 0, 'percentage': 0}","{'ph_value': 37.76, 'depth': 0.0, 'light': 178.0, 'temperature': 35.0}","{'nitrogen': 1, 'phosphorus': 1, 'potassium': 3}",images/image_20250128-152027.jpg
2025-01-28 15:20:36,"{'value': 0, 'percentage': 0}","{'ph_value': 37.76, 'depth': 0.0, 'light': 177.0, 'temperature': 35.0}","{'nitrogen': 1, 'phosphorus': 1, 'potassium': 3}",images/image_20250128-152036.jpg
2025-03-01 09:32:47,"{'value': 0, 'percentage': 0}","{'ph_value': 37.76, 'depth': 0.0, 'light': 164.0, 'temperature': 61.0}","{'nitrogen': 1, 'phosphorus': 1, 'potassium': 3}",images/image_20250301-093247.jpg
2025-03-01 09:32:56,"{'value': 0, 'percentage': 0}","{'ph_value': 37.76, 'depth': 0.0, 'light': 166.0, 'temperature': 61.0}","{'nitrogen': 1, 'phosphorus': 1, 'potassium': 3}",images/image_20250301-093256.jpg
2025-03-01 09:57:37,"{'value': 0, 'percentage': 0}","{'ph_value': 37.76, 'depth': 0.0, 'light': 181.0, 'temperature': 35.0}","{'nitrogen': 1, 'phosphorus': 1, 'potassium': 3}",images/image_20250301-095737.jpg
2025-03-01 09:57:46,"{'value': 0, 'percentage': 0}","{'ph_value': 37.76, 'depth': 0.0, 'light': 180.0, 'temperature': 35.0}","{'nitrogen': 1, 'phosphorus': 1, 'potassium': 3}",images/image_20250301-095746.jpg
2025-03-01 09:57:57,"{'value': 0, 'percentage': 0}","{'ph_value': 37.76, 'depth': 0.0, 'light': 179.0, 'temperature': 35.0}","{'nitrogen': 1, 'phosphorus': 1, 'potassium': 3}",images/image_20250301-095757.jpg
2025-03-01 09:58:06,"{'value': 0, 'percentage': 0}","{'ph_value': 37.76, 'depth': 0.0, 'light': 185.0, 'temperature': 35.0}","{'nitrogen': 1, 'phosphorus': 1, 'potassium': 3}",images/image_20250301-095806.jpg
2025-03-01 10:31:04,"{'value': 0, 'percentage': 0}","{'ph_value': 37.72, 'depth': 0.0, 'light': 175.0, 'temperature': 38.0}","{'nitrogen': 1, 'phosphorus': 1, 'potassium': 3}",images/image_20250301-103104.jpg
2025-03-01 10:31:14,"{'value': 0, 'percentage': 0}","{'ph_value': 37.69, 'depth': 0.0, 'light': 175.0, 'temperature': 38.0}","{'nitrogen': 1, 'phosphorus': 1, 'potassium': 3}",images/image_20250301-103114.jpg
2025-03-01 10:40:39,"{'value': 0, 'percentage': 0}","{'ph_value': 37.76, 'depth': 0.0, 'light': 174.0, 'temperature': 41.0}","{'nitrogen': 1, 'phosphorus': 1, 'potassium': 3}",images/image_20250301-104039.jpg
2025-03-01 10:40:49,"{'value': 0, 'percentage': 0}","{'ph_value': 37.76, 'depth': 0.0, 'light': 173.0, 'temperature': 41.0}","{'nitrogen': 1, 'phosphorus': 1, 'potassium': 3}",images/image_20250301-104049.jpg
2025-03-01 10:40:59,"{'value': 0, 'percentage': 0}","{'ph_value': 37.76, 'depth': 0.0, 'light': 172.0, 'temperature': 41.0}","{'nitrogen': 1, 'phosphorus': 1, 'potassium': 3}",images/image_20250301-104059.jpg
2025-03-01 10:41:12,"{'value': 0, 'percentage': 0}","{'ph_value': 37.76, 'depth': 0.0, 'light': 172.0, 'temperature': 41.0}","{'nitrogen': 1, 'phosphorus': 1, 'potassium': 3}",images/image_20250301-104112.jpg
2025-03-01 10:41:22,"{'value': 0, 'percentage': 0}","{'ph_value': 37.76, 'depth': 0.0, 'light': 172.0, 'temperature': 41.0}","{'nitrogen': 1, 'phosphorus': 1, 'potassium': 3}",images/image_20250301-104122.jpg
2025-03-01 10:46:44,"{'value': 0, 'percentage': 0}","{'ph_value': 37.76, 'depth': 0.0, 'light': 176.0, 'temperature': 41.0}","{'nitrogen': 1, 'phosphorus': 1, 'potassium': 3}",images/image_20250301-104644.jpg
2025-03-01 10:46:53,"{'value': 0, 'percentage': 0}","{'ph_value': 37.76, 'depth': 0.0, 'light': 176.0, 'temperature': 41.0}","{'nitrogen': 1, 'phosphorus': 1, 'potassium': 3}",images/image_20250301-104653.jpg
2025-03-01 10:47:02,"{'value': 0, 'percentage': 0}","{'ph_value': 37.76, 'depth': 0.0, 'light': 175.0, 'temperature': 41.0}","{'nitrogen': 1, 'phosphorus': 1, 'potassium': 3}",images/image_20250301-104702.jpg
2025-03-01 10:47:11,"{'value': 0, 'percentage': 0}","{'ph_value': 37.76, 'depth': 0.0, 'light': 173.0, 'temperature': 41.0}","{'nitrogen': 1, 'phosphorus': 1, 'potassium': 3}",images/image_20250301-104711.jpg
2025-03-01 10:47:20,"{'value': 0, 'percentage': 0}","{'ph_value': 37.76, 'depth': 0.0, 'light': 172.0, 'temperature': 41.0}","{'nitrogen': 1, 'phosphorus': 1, 'potassium': 3}",images/image_20250301-104720.jpg
2025-03-01 10:47:29,"{'value': 0, 'percentage': 0}","{'ph_value': 37.76, 'depth': 0.0, 'light': 171.0, 'temperature': 41.0}","{'nitrogen': 1, 'phosphorus': 1, 'potassium': 3}",images/image_20250301-104729.jpg
2025-03-01 10:47:38,"{'value': 0, 'percentage': 0}","{'ph_value': 37.76, 'depth': 0.0, 'light': 171.0, 'temperature': 41.0}","{'nitrogen': 1, 'phosphorus': 1, 'potassium': 3}",images/image_20250301-104738.jpg
2025-03-01 10:47:47,"{'value': 0, 'percentage': 0}","{'ph_value': 37.76, 'depth': 0.0, 'light': 172.0, 'temperature': 41.0}","{'nitrogen': 1, 'phosphorus': 1, 'potassium': 3}",images/image_20250301-104747.jpg
2025-03-01 10:47:56,"{'value': 0, 'percentage': 0}","{'ph_value': 37.76, 'depth': 0.0, 'light': 173.0, 'temperature': 41.0}","{'nitrogen': 1, 'phosphorus': 1, 'potassium': 3}",images/image_20250301-104756.jpg
2025-03-01 10:48:05,"{'value': 0, 'percentage': 0}","{'ph_value': 37.76, 'depth': 0.0, 'light': 174.0, 'temperature': 41.0}","{'nitrogen': 1, 'phosphorus': 1, 'potassium': 3}",images/image_20250301-104805.jpg
2025-04-11 12:20:10,"{'value': 0, 'percentage': 0}","{'ph_value': 6.54, 'depth': 0.0, 'light': 206.0, 'temperature': 79.0}","{'nitrogen': 49, 'phosphorus': 69, 'potassium': 138}",images/image_20250411-122010.jpg
2025-04-11 12:22:31,"{'value': 0, 'percentage': 0}","{'ph_value': 6.27, 'depth': 0.0, 'light': 206.0, 'temperature': 79.0}","{'nitrogen': 49, 'phosphorus': 69, 'potassium': 139}",images/image_20250411-122231.jpg
2025-04-11 12:38:22,"{'value': 0, 'percentage': 0}","{'ph_value': 7.98, 'depth': 0.0, 'light': 206.0, 'temperature': 81.0}","{'nitrogen': 49, 'phosphorus': 69, 'potassium': 138}",images/image_20250411-123822.jpg
2025-04-15 15:14:00,"{'value': 251, 'percentage': 76}","{'ph_value': 7.27, 'depth': 2.0, 'light': 202.0, 'temperature': 35.0}","{'nitrogen': 52, 'phosphorus': 72, 'potassium': 145}",images/image_20250415-151400.jpg
2025-04-15 15:14:51,"{'value': 252, 'percentage': 76}","{'ph_value': 7.31, 'depth': 2.0, 'light': 202.0, 'temperature': 33.0}","{'nitrogen': 52, 'phosphorus': 72, 'potassium': 145}",images/image_20250415-151451.jpg
2025-04-15 15:20:53,"{'value': 249, 'percentage': 76}","{'ph_value': 7.31, 'depth': 2.0, 'light': 202.0, 'temperature': 31.0}","{'nitrogen': 52, 'phosphorus': 72, 'potassium': 145}",images/image_20250415-152053.jpg
2025-04-15 15:21:02,"{'value': 254, 'percentage': 76}","{'ph_value': 7.23, 'depth': 2.0, 'light': 202.0, 'temperature': 31.0}","{'nitrogen': 52, 'phosphorus': 72, 'potassium': 145}",images/image_20250415-152102.jpg
2025-04-15 15:21:11,"{'value': 253, 'percentage': 76}","{'ph_value': 7.27, 'depth': 2.0, 'light': 202.0, 'temperature': 31.0}","{'nitrogen': 52, 'phosphorus': 72, 'potassium': 145}",images/image_20250415-152111.jpg
2025-04-15 15:21:20,"{'value': 252, 'percentage': 76}","{'ph_value': 7.31, 'depth': 2.0, 'light': 202.0, 'temperature': 31.0}","{'nitrogen': 52, 'phosphorus': 72, 'potassium': 145}",images/image_20250415-152120.jpg
2025-04-15 15:21:29,"{'value': 251, 'percentage': 76}","{'ph_value': 7.27, 'depth': 2.0, 'light': 201.0, 'temperature': 31.0}","{'nitrogen': 52, 'phosphorus': 72, 'potassium': 145}",images/image_20250415-152129.jpg
2025-04-15 15:21:38,"{'value': 249, 'percentage': 76}","{'ph_value': 7.38, 'depth': 2.0, 'light': 201.0, 'temperature': 30.0}","{'nitrogen': 52, 'phosphorus': 72, 'potassium': 145}",images/image_20250415-152138.jpg
2025-04-15 15:21:47,"{'value': 252, 'percentage': 76}","{'ph_value': 7.31, 'depth': 2.0, 'light': 201.0, 'temperature': 30.0}","{'nitrogen': 52, 'phosphorus': 72, 'potassium': 145}",images/image_20250415-152147.jpg
2025-04-15 15:21:56,"{'value': 251, 'percentage': 76}","{'ph_value': 7.35, 'depth': 2.0, 'light': 202.0, 'temperature': 30.0}","{'nitrogen': 52, 'phosphorus': 72, 'potassium': 145}",images/image_20250415-152156.jpg
2025-04-15 15:22:05,"{'value': 253, 'percentage': 76}","{'ph_value': 7.31, 'depth': 2.0, 'light': 202.0, 'temperature': 30.0}","{'nitrogen': 52, 'phosphorus': 72, 'potassium': 145}",images/image_20250415-152205.jpg
2025-04-15 15:22:14,"{'value': 250, 'percentage': 76}","{'ph_value': 7.35, 'depth': 2.0, 'light': 202.0, 'temperature': 30.0}","{'nitrogen': 52, 'phosphorus': 72, 'potassium': 145}",images/image_20250415-152214.jpg
2025-04-15 15:22:23,"{'value': 253, 'percentage': 76}","{'ph_value': 7.31, 'depth': 2.0, 'light': 202.0, 'temperature': 30.0}","{'nitrogen': 52, 'phosphorus': 72, 'potassium': 145}",images/image_20250415-152223.jpg
2025-04-15 15:22:32,"{'value': 253, 'percentage': 76}","{'ph_value': 7.31, 'depth': 2.0, 'light': 202.0, 'temperature': 30.0}","{'nitrogen': 52, 'phosphorus': 72, 'potassium': 145}",images/image_20250415-152232.jpg
2025-04-15 15:22:41,"{'value': 265, 'percentage': 75}","{'ph_value': 7.23, 'depth': 2.0, 'light': 202.0, 'temperature': 30.0}","{'nitrogen': 52, 'phosphorus': 72, 'potassium': 145}",images/image_20250415-152241.jpg
2025-04-15 15:22:50,"{'value': 256, 'percentage': 75}","{'ph_value': 7.31, 'depth': 2.0, 'light': 201.0, 'temperature': 29.0}","{'nitrogen': 52, 'phosphorus': 72, 'potassium': 145}",images/image_20250415-152250.jpg
2025-04-15 15:22:59,"{'value': 258, 'percentage': 75}","{'ph_value': 7.31, 'depth': 2.0, 'light': 201.0, 'temperature': 30.0}","{'nitrogen': 52, 'phosphorus': 72, 'potassium': 145}",images/image_20250415-152259.jpg
2025-04-15 15:23:08,"{'value': 253, 'percentage': 76}","{'ph_value': 7.31, 'depth': 2.0, 'light': 201.0, 'temperature': 30.0}","{'nitrogen': 52, 'phosphorus': 72, 'potassium': 145}",images/image_20250415-152308.jpg
2025-04-15 15:23:17,"{'value': 258, 'percentage': 75}","{'ph_value': 7.42, 'depth': 2.0, 'light': 201.0, 'temperature': 30.0}","{'nitrogen': 52, 'phosphorus': 72, 'potassium': 145}",images/image_20250415-152317.jpg
2025-04-15 15:23:26,"{'value': 254, 'percentage': 76}","{'ph_value': 7.31, 'depth': 2.0, 'light': 202.0, 'temperature': 30.0}","{'nitrogen': 52, 'phosphorus': 72, 'potassium': 145}",images/image_20250415-152326.jpg
2025-04-15 15:23:35,"{'value': 252, 'percentage': 76}","{'ph_value': 7.31, 'depth': 2.0, 'light': 202.0, 'temperature': 30.0}","{'nitrogen': 52, 'phosphorus': 72, 'potassium': 145}",images/image_20250415-152335.jpg
2025-04-15 15:23:44,"{'value': 265, 'percentage': 75}","{'ph_value': 7.23, 'depth': 2.0, 'light': 201.0, 'temperature': 30.0}","{'nitrogen': 52, 'phosphorus': 72, 'potassium': 145}",images/image_20250415-152344.jpg
2025-04-15 15:23:53,"{'value': 252, 'percentage': 76}","{'ph_value': 7.31, 'depth': 2.0, 'light': 202.0, 'temperature': 30.0}","{'nitrogen': 52, 'phosphorus': 72, 'potassium': 145}",images/image_20250415-152353.jpg
2025-04-15 15:24:02,"{'value': 253, 'percentage': 76}","{'ph_value': 7.23, 'depth': 2.0, 'light': 202.0, 'temperature': 30.0}","{'nitrogen': 52, 'phosphorus': 72, 'potassium': 145}",images/image_20250415-152402.jpg
2025-04-15 15:24:11,"{'value': 253, 'percentage': 76}","{'ph_value': 7.31, 'depth': 2.0, 'light': 202.0, 'temperature': 30.0}","{'nitrogen': 52, 'phosphorus': 72, 'potassium': 145}",images/image_20250415-152411.jpg
2025-04-15 15:24:20,"{'value': 253, 'percentage': 76}","{'ph_value': 7.27, 'depth': 2.0, 'light': 201.0, 'temperature': 30.0}","{'nitrogen': 52, 'phosphorus': 72, 'potassium': 145}",images/image_20250415-152420.jpg
2025-04-15 15:24:29,"{'value': 256, 'percentage': 75}","{'ph_value': 7.31, 'depth': 2.0, 'light': 201.0, 'temperature': 29.0}","{'nitrogen': 52, 'phosphorus': 72, 'potassium': 145}",images/image_20250415-152429.jpg
2025-04-15 15:26:49,"{'value': 254, 'percentage': 76}","{'ph_value': 7.31, 'depth': 2.0, 'light': 202.0, 'temperature': 28.0}","{'nitrogen': 52, 'phosphorus': 72, 'potassium': 145}",images/image_20250415-152649.jpg
2025-04-15 15:26:58,"{'value': 253, 'percentage': 76}","{'ph_value': 7.31, 'depth': 2.0, 'light': 202.0, 'temperature': 28.0}","{'nitrogen': 52, 'phosphorus': 72, 'potassium': 145}",images/image_20250415-152658.jpg
2025-04-15 15:27:06,"{'value': 254, 'percentage': 76}","{'ph_value': 7.31, 'depth': 2.0, 'light': 202.0, 'temperature': 28.0}","{'nitrogen': 52, 'phosphorus': 72, 'potassium': 145}",images/image_20250415-152706.jpg
2025-04-15 15:27:15,"{'value': 258, 'percentage': 75}","{'ph_value': 7.35, 'depth': 2.0, 'light': 202.0, 'temperature': 28.0}","{'nitrogen': 52, 'phosphorus': 72, 'potassium': 145}",images/image_20250415-152715.jpg
2025-04-15 15:27:24,"{'value': 252, 'percentage': 76}","{'ph_value': 7.31, 'depth': 2.0, 'light': 202.0, 'temperature': 28.0}","{'nitrogen': 52, 'phosphorus': 72, 'potassium': 145}",images/image_20250415-152724.jpg
2025-04-15 15:27:33,"{'value': 252, 'percentage': 76}","{'ph_value': 7.6, 'depth': 2.0, 'light': 201.0, 'temperature': 28.0}","{'nitrogen': 52, 'phosphorus': 72, 'potassium': 145}",images/image_20250415-152733.jpg
2025-04-15 15:27:42,"{'value': 255, 'percentage': 76}","{'ph_value': 7.31, 'depth': 2.0, 'light': 201.0, 'temperature': 28.0}","{'nitrogen': 52, 'phosphorus': 72, 'potassium': 145}",images/image_20250415-152742.jpg
2025-04-15 15:27:51,"{'value': 254, 'percentage': 76}","{'ph_value': 7.53, 'depth': 2.0, 'light': 201.0, 'temperature': 28.0}","{'nitrogen': 52, 'phosphorus': 72, 'potassium': 145}",images/image_20250415-152751.jpg
2025-04-15 15:28:00,"{'value': 254, 'percentage': 76}","{'ph_value': 7.31, 'depth': 2.0, 'light': 202.0, 'temperature': 28.0}","{'nitrogen': 52, 'phosphorus': 72, 'potassium': 145}",images/image_20250415-152800.jpg
2025-04-15 15:28:09,"{'value': 253, 'percentage': 76}","{'ph_value': 7.35, 'depth': 2.0, 'light': 202.0, 'temperature': 28.0}","{'nitrogen': 52, 'phosphorus': 72, 'potassium': 145}",images/image_20250415-152809.jpg
2025-04-15 15:28:18,"{'value': 254, 'percentage': 76}","{'ph_value': 7.31, 'depth': 2.0, 'light': 202.0, 'temperature': 28.0}","{'nitrogen': 52, 'phosphorus': 72, 'potassium': 145}",images/image_20250415-152818.jpg
2025-04-15 15:28:27,"{'value': 255, 'percentage': 76}","{'ph_value': 7.35, 'depth': 2.0, 'light': 202.0, 'temperature': 28.0}","{'nitrogen': 52, 'phosphorus': 72, 'potassium': 145}",images/image_20250415-152827.jpg
2025-04-15 15:28:36,"{'value': 254, 'percentage': 76}","{'ph_value': 7.31, 'depth': 2.0, 'light': 201.0, 'temperature': 28.0}","{'nitrogen': 52, 'phosphorus': 72, 'potassium': 145}",images/image_20250415-152836.jpg
2025-04-15 15:28:45,"{'value': 257, 'percentage': 75}","{'ph_value': 7.31, 'depth': 2.0, 'light': 202.0, 'temperature': 28.0}","{'nitrogen': 52, 'phosphorus': 72, 'potassium': 145}",images/image_20250415-152845.jpg
2025-04-15 15:28:54,"{'value': 258, 'percentage': 75}","{'ph_value': 7.35, 'depth': 2.0, 'light': 202.0, 'temperature': 28.0}","{'nitrogen': 52, 'phosphorus': 72, 'potassium': 145}",images/image_20250415-152854.jpg
2025-04-15 15:29:03,"{'value': 255, 'percentage': 76}","{'ph_value': 7.31, 'depth': 2.0, 'light': 202.0, 'temperature': 28.0}","{'nitrogen': 52, 'phosphorus': 72, 'potassium': 145}",images/image_20250415-152903.jpg
2025-04-15 15:29:12,"{'value': 254, 'percentage': 76}","{'ph_value': 7.42, 'depth': 2.0, 'light': 202.0, 'temperature': 28.0}","{'nitrogen': 52, 'phosphorus': 72, 'potassium': 145}",images/image_20250415-152912.jpg
2025-04-15 15:29:21,"{'value': 254, 'percentage': 76}","{'ph_value': 7.27, 'depth': 2.0, 'light': 202.0, 'temperature': 28.0}","{'nitrogen': 52, 'phosphorus': 72, 'potassium': 145}",images/image_20250415-152921.jpg
2025-04-15 15:29:30,"{'value': 255, 'percentage': 76}","{'ph_value': 7.31, 'depth': 2.0, 'light': 202.0, 'temperature': 28.0}","{'nitrogen': 52, 'phosphorus': 72, 'potassium': 145}",images/image_20250415-152930.jpg
2025-04-15 15:29:39,"{'value': 257, 'percentage': 75}","{'ph_value': 7.31, 'depth': 2.0, 'light': 202.0, 'temperature': 28.0}","{'nitrogen': 52, 'phosphorus': 72, 'potassium': 145}",images/image_20250415-152939.jpg
2025-04-15 15:29:48,"{'value': 255, 'percentage': 76}","{'ph_value': 7.31, 'depth': 2.0, 'light': 202.0, 'temperature': 28.0}","{'nitrogen': 52, 'phosphorus': 72, 'potassium': 145}",images/image_20250415-152948.jpg
2025-04-15 15:29:57,"{'value': 253, 'percentage': 76}","{'ph_value': 7.27, 'depth': 2.0, 'light': 202.0, 'temperature': 28.0}","{'nitrogen': 52, 'phosphorus': 72, 'potassium': 145}",images/image_20250415-152957.jpg
2025-04-15 15:30:06,"{'value': 258, 'percentage': 75}","{'ph_value': 7.31, 'depth': 2.0, 'light': 202.0, 'temperature': 28.0}","{'nitrogen': 52, 'phosphorus': 72, 'potassium': 145}",images/image_20250415-153006.jpg
2025-04-15 15:30:15,"{'value': 255, 'percentage': 76}","{'ph_value': 7.23, 'depth': 2.0, 'light': 202.0, 'temperature': 28.0}","{'nitrogen': 52, 'phosphorus': 72, 'potassium': 145}",images/image_20250415-153015.jpg
2025-04-15 15:30:25,"{'value': 270, 'percentage': 74}","{'ph_value': 7.31, 'depth': 2.0, 'light': 202.0, 'temperature': 28.0}","{'nitrogen': 52, 'phosphorus': 72, 'potassium': 145}",images/image_20250415-153025.jpg
2025-04-15 15:30:36,"{'value': 255, 'percentage': 76}","{'ph_value': 7.38, 'depth': 2.0, 'light': 202.0, 'temperature': 28.0}","{'nitrogen': 52, 'phosphorus': 72, 'potassium': 145}",images/image_20250415-153036.jpg
2025-04-15 15:30:45,"{'value': 253, 'percentage': 76}","{'ph_value': 7.31, 'depth': 2.0, 'light': 202.0, 'temperature': 28.0}","{'nitrogen': 52, 'phosphorus': 72, 'potassium': 145}",images/image_20250415-153045.jpg
2025-04-15 15:30:55,"{'value': 256, 'percentage': 75}","{'ph_value': 7.35, 'depth': 2.0, 'light': 201.0, 'temperature': 28.0}","{'nitrogen': 52, 'phosphorus': 72, 'potassium': 145}",images/image_20250415-153055.jpg
2025-04-15 15:31:04,"{'value': 261, 'percentage': 75}","{'ph_value': 7.2, 'depth': 3.0, 'light': 201.0, 'temperature': 28.0}","{'nitrogen': 52, 'phosphorus': 72, 'potassium': 145}",images/image_20250415-153104.jpg
2025-04-15 15:31:15,"{'value': 257, 'percentage': 75}","{'ph_value': 7.31, 'depth': 2.0, 'light': 202.0, 'temperature': 28.0}","{'nitrogen': 52, 'phosphorus': 72, 'potassium': 145}",images/image_20250415-153115.jpg
2025-04-15 15:31:24,"{'value': 256, 'percentage': 75}","{'ph_value': 7.23, 'depth': 2.0, 'light': 202.0, 'temperature': 28.0}","{'nitrogen': 52, 'phosphorus': 72, 'potassium': 145}",images/image_20250415-153124.jpg
2025-04-15 15:31:33,"{'value': 257, 'percentage': 75}","{'ph_value': 7.31, 'depth': 2.0, 'light': 202.0, 'temperature': 28.0}","{'nitrogen': 52, 'phosphorus': 72, 'potassium': 145}",images/image_20250415-153133.jpg
2025-04-15 15:31:42,"{'value': 255, 'percentage': 76}","{'ph_value': 7.31, 'depth': 2.0, 'light': 202.0, 'temperature': 28.0}","{'nitrogen': 52, 'phosphorus': 72, 'potassium': 145}",images/image_20250415-153142.jpg
2025-04-15 15:31:51,"{'value': 256, 'percentage': 75}","{'ph_value': 7.35, 'depth': 2.0, 'light': 201.0, 'temperature': 28.0}","{'nitrogen': 52, 'phosphorus': 72, 'potassium': 145}",images/image_20250415-153151.jpg
2025-04-15 15:32:00,"{'value': 255, 'percentage': 76}","{'ph_value': 7.35, 'depth': 2.0, 'light': 201.0, 'temperature': 28.0}","{'nitrogen': 52, 'phosphorus': 72, 'potassium': 145}",images/image_20250415-153200.jpg
2025-04-15 15:32:10,"{'value': 256, 'percentage': 75}","{'ph_value': 7.31, 'depth': 2.0, 'light': 201.0, 'temperature': 28.0}","{'nitrogen': 52, 'phosphorus': 72, 'potassium': 145}",images/image_20250415-153210.jpg
2025-04-15 15:32:19,"{'value': 254, 'percentage': 76}","{'ph_value': 7.38, 'depth': 2.0, 'light': 202.0, 'temperature': 28.0}","{'nitrogen': 52, 'phosphorus': 72, 'potassium': 145}",images/image_20250415-153219.jpg
2025-04-15 15:32:28,"{'value': 258, 'percentage': 75}","{'ph_value': 7.31, 'depth': 2.0, 'light': 202.0, 'temperature': 28.0}","{'nitrogen': 52, 'phosphorus': 72, 'potassium': 145}",images/image_20250415-153228.jpg
2025-04-15 15:32:37,"{'value': 263, 'percentage': 75}","{'ph_value': 7.31, 'depth': 2.0, 'light': 202.0, 'temperature': 28.0}","{'nitrogen': 52, 'phosphorus': 72, 'potassium': 145}",images/image_20250415-153237.jpg
2025-04-15 15:32:46,"{'value': 262, 'percentage': 75}","{'ph_value': 7.31, 'depth': 2.0, 'light': 202.0, 'temperature': 28.0}","{'nitrogen': 51, 'phosphorus': 72, 'potassium': 145}",images/image_20250415-153246.jpg
2025-04-15 15:32:55,"{'value': 257, 'percentage': 75}","{'ph_value': 7.35, 'depth': 2.0, 'light': 201.0, 'temperature': 28.0}","{'nitrogen': 51, 'phosphorus': 72, 'potassium': 145}",images/image_20250415-153255.jpg
2025-04-15 15:33:04,"{'value': 258, 'percentage': 75}","{'ph_value': 7.31, 'depth': 2.0, 'light': 201.0, 'temperature': 28.0}","{'nitrogen': 51, 'phosphorus': 72, 'potassium': 145}",images/image_20250415-153304.jpg
2025-04-15 15:33:13,"{'value': 259, 'percentage': 75}","{'ph_value': 7.31, 'depth': 2.0, 'light': 201.0, 'temperature': 28.0}","{'nitrogen': 51, 'phosphorus': 72, 'potassium': 145}",images/image_20250415-153313.jpg
2025-04-15 15:33:23,"{'value': 256, 'percentage': 75}","{'ph_value': 7.31, 'depth': 2.0, 'light': 201.0, 'temperature': 28.0}","{'nitrogen': 51, 'phosphorus': 72, 'potassium': 145}",images/image_20250415-153323.jpg
2025-04-15 15:33:33,"{'value': 265, 'percentage': 75}","{'ph_value': 7.31, 'depth': 2.0, 'light': 202.0, 'temperature': 28.0}","{'nitrogen': 51, 'phosphorus': 72, 'potassium': 145}",images/image_20250415-153333.jpg
2025-04-15 15:33:42,"{'value': 257, 'percentage': 75}","{'ph_value': 7.35, 'depth': 2.0, 'light': 202.0, 'temperature': 28.0}","{'nitrogen': 51, 'phosphorus': 72, 'potassium': 145}",images/image_20250415-153342.jpg
2025-04-15 15:33:51,"{'value': 260, 'percentage': 75}","{'ph_value': 7.31, 'depth': 2.0, 'light': 202.0, 'temperature': 28.0}","{'nitrogen': 51, 'phosphorus': 72, 'potassium': 145}",images/image_20250415-153351.jpg
2025-04-15 15:34:00,"{'value': 260, 'percentage': 75}","{'ph_value': 7.35, 'depth': 2.0, 'light': 202.0, 'temperature': 28.0}","{'nitrogen': 51, 'phosphorus': 72, 'potassium': 145}",images/image_20250415-153400.jpg
2025-04-15 15:34:09,"{'value': 256, 'percentage': 75}","{'ph_value': 7.31, 'depth': 2.0, 'light': 202.0, 'temperature': 28.0}","{'nitrogen': 51, 'phosphorus': 72, 'potassium': 145}",images/image_20250415-153409.jpg
2025-04-15 15:34:18,"{'value': 258, 'percentage': 75}","{'ph_value': 7.31, 'depth': 2.0, 'light': 202.0, 'temperature': 28.0}","{'nitrogen': 51, 'phosphorus': 72, 'potassium': 145}",images/image_20250415-153418.jpg
2025-04-15 15:34:27,"{'value': 257, 'percentage': 75}","{'ph_value': 7.27, 'depth': 2.0, 'light': 201.0, 'temperature': 28.0}","{'nitrogen': 51, 'phosphorus': 72, 'potassium': 145}",images/image_20250415-153427.jpg
2025-04-15 15:34:36,"{'value': 260, 'percentage': 75}","{'ph_value': 7.31, 'depth': 2.0, 'light': 201.0, 'temperature': 28.0}","{'nitrogen': 51, 'phosphorus': 72, 'potassium': 145}",images/image_20250415-153436.jpg
2025-04-15 15:34:45,"{'value': 258, 'percentage': 75}","{'ph_value': 7.27, 'depth': 2.0, 'light': 201.0, 'temperature': 28.0}","{'nitrogen': 51, 'phosphorus': 72, 'potassium': 145}",images/image_20250415-153445.jpg
2025-04-15 15:34:54,"{'value': 258, 'percentage': 75}","{'ph_value': 7.35, 'depth': 2.0, 'light': 201.0, 'temperature': 28.0}","{'nitrogen': 51, 'phosphorus': 72, 'potassium': 145}",images/image_20250415-153454.jpg
2025-04-15 15:35:03,"{'value': 258, 'percentage': 75}","{'ph_value': 7.35, 'depth': 2.0, 'light': 202.0, 'temperature': 28.0}","{'nitrogen': 51, 'phosphorus': 72, 'potassium': 145}",images/image_20250415-153503.jpg
2025-04-15 15:35:12,"{'value': 257, 'percentage': 75}","{'ph_value': 7.31, 'depth': 2.0, 'light': 202.0, 'temperature': 28.0}","{'nitrogen': 51, 'phosphorus': 72, 'potassium': 145}",images/image_20250415-153512.jpg
2025-04-15 15:35:21,"{'value': 260, 'percentage': 75}","{'ph_value': 7.38, 'depth': 2.0, 'light': 202.0, 'temperature': 28.0}","{'nitrogen': 51, 'phosphorus': 72, 'potassium': 145}",images/image_20250415-153521.jpg
2025-04-15 15:35:30,"{'value': 260, 'percentage': 75}","{'ph_value': 7.31, 'depth': 2.0, 'light': 202.0, 'temperature': 28.0}","{'nitrogen': 51, 'phosphorus': 72, 'potassium': 145}",images/image_20250415-153530.jpg
2025-04-15 15:35:39,"{'value': 265, 'percentage': 75}","{'ph_value': 7.35, 'depth': 2.0, 'light': 202.0, 'temperature': 28.0}","{'nitrogen': 51, 'phosphorus': 72, 'potassium': 145}",images/image_20250415-153539.jpg
2025-04-15 15:35:48,"{'value': 271, 'percentage': 74}","{'ph_value': 7.31, 'depth': 2.0, 'light': 201.0, 'temperature': 28.0}","{'nitrogen': 51, 'phosphorus': 72, 'potassium': 145}",images/image_20250415-153548.jpg
2025-04-15 15:35:57,"{'value': 259, 'percentage': 75}","{'ph_value': 7.35, 'depth': 2.0, 'light': 201.0, 'temperature': 28.0}","{'nitrogen': 51, 'phosphorus': 72, 'potassium': 145}",images/image_20250415-153557.jpg
2025-04-15 15:36:06,"{'value': 259, 'percentage': 75}","{'ph_value': 7.31, 'depth': 2.0, 'light': 201.0, 'temperature': 28.0}","{'nitrogen': 51, 'phosphorus': 72, 'potassium': 145}",images/image_20250415-153606.jpg
2025-04-15 15:36:15,"{'value': 258, 'percentage': 75}","{'ph_value': 7.35, 'depth': 2.0, 'light': 201.0, 'temperature': 28.0}","{'nitrogen': 51, 'phosphorus': 72, 'potassium': 145}",images/image_20250415-153615.jpg
2025-04-15 15:36:24,"{'value': 271, 'percentage': 74}","{'ph_value': 7.31, 'depth': 2.0, 'light': 202.0, 'temperature': 28.0}","{'nitrogen': 51, 'phosphorus': 72, 'potassium': 145}",images/image_20250415-153624.jpg
2025-04-15 15:36:33,"{'value': 263, 'percentage': 75}","{'ph_value': 7.31, 'depth': 2.0, 'light': 202.0, 'temperature': 28.0}","{'nitrogen': 51, 'phosphorus': 72, 'potassium': 145}",images/image_20250415-153633.jpg
2025-04-15 15:36:42,"{'value': 258, 'percentage': 75}","{'ph_value': 7.38, 'depth': 2.0, 'light': 202.0, 'temperature': 28.0}","{'nitrogen': 51, 'phosphorus': 72, 'potassium': 145}",images/image_20250415-153642.jpg
2025-04-15 15:36:51,"{'value': 261, 'percentage': 75}","{'ph_value': 7.31, 'depth': 2.0, 'light': 202.0, 'temperature': 28.0}","{'nitrogen': 51, 'phosphorus': 72, 'potassium': 145}",images/image_20250415-153651.jpg
2025-04-15 15:37:00,"{'value': 260, 'percentage': 75}","{'ph_value': 7.38, 'depth': 2.0, 'light': 202.0, 'temperature': 28.0}","{'nitrogen': 51, 'phosphorus': 72, 'potassium': 145}",images/image_20250415-153700.jpg
2025-04-15 15:37:09,"{'value': 259, 'percentage': 75}","{'ph_value': 7.35, 'depth': 2.0, 'light': 202.0, 'temperature': 28.0}","{'nitrogen': 51, 'phosphorus': 72, 'potassium': 145}",images/image_20250415-153709.jpg
2025-04-15 15:37:18,"{'value': 258, 'percentage': 75}","{'ph_value': 7.35, 'depth': 2.0, 'light': 201.0, 'temperature': 28.0}","{'nitrogen': 51, 'phosphorus': 72, 'potassium': 145}",images/image_20250415-153718.jpg
2025-04-15 15:37:27,"{'value': 260, 'percentage': 75}","{'ph_value': 7.31, 'depth': 2.0, 'light': 201.0, 'temperature': 28.0}","{'nitrogen': 51, 'phosphorus': 72, 'potassium': 145}",images/image_20250415-153727.jpg
2025-04-15 15:37:36,"{'value': 257, 'percentage': 75}","{'ph_value': 7.31, 'depth': 2.0, 'light': 201.0, 'temperature': 28.0}","{'nitrogen': 51, 'phosphorus': 72, 'potassium': 145}",images/image_20250415-153736.jpg
2025-04-15 15:37:45,"{'value': 260, 'percentage': 75}","{'ph_value': 7.31, 'depth': 2.0, 'light': 201.0, 'temperature': 28.0}","{'nitrogen': 51, 'phosphorus': 72, 'potassium': 145}",images/image_20250415-153745.jpg
2025-04-15 15:37:54,"{'value': 261, 'percentage': 75}","{'ph_value': 7.35, 'depth': 2.0, 'light': 202.0, 'temperature': 28.0}","{'nitrogen': 51, 'phosphorus': 72, 'potassium': 145}",images/image_20250415-153754.jpg
2025-04-15 15:38:03,"{'value': 265, 'percentage': 75}","{'ph_value': 7.35, 'depth': 2.0, 'light': 202.0, 'temperature': 28.0}","{'nitrogen': 51, 'phosphorus': 72, 'potassium': 145}",images/image_20250415-153803.jpg
2025-04-15 15:38:12,"{'value': 262, 'percentage': 75}","{'ph_value': 7.31, 'depth': 2.0, 'light': 202.0, 'temperature': 28.0}","{'nitrogen': 51, 'phosphorus': 72, 'potassium': 145}",images/image_20250415-153812.jpg
2025-04-15 15:38:21,"{'value': 261, 'percentage': 75}","{'ph_value': 7.42, 'depth': 2.0, 'light': 202.0, 'temperature': 28.0}","{'nitrogen': 51, 'phosphorus': 72, 'potassium': 145}",images/image_20250415-153821.jpg
2025-04-15 15:38:30,"{'value': 261, 'percentage': 75}","{'ph_value': 7.31, 'depth': 2.0, 'light': 201.0, 'temperature': 28.0}","{'nitrogen': 51, 'phosphorus': 72, 'potassium': 145}",images/image_20250415-153830.jpg
2025-04-15 15:38:39,"{'value': 259, 'percentage': 75}","{'ph_value': 7.35, 'depth': 2.0, 'light': 201.0, 'temperature': 28.0}","{'nitrogen': 51, 'phosphorus': 72, 'potassium': 145}",images/image_20250415-153839.jpg
2025-04-15 15:38:48,"{'value': 262, 'percentage': 75}","{'ph_value': 7.31, 'depth': 2.0, 'light': 201.0, 'temperature': 28.0}","{'nitrogen': 51, 'phosphorus': 72, 'potassium': 145}",images/image_20250415-153848.jpg
2025-04-15 15:38:57,"{'value': 260, 'percentage': 75}","{'ph_value': 7.35, 'depth': 2.0, 'light': 201.0, 'temperature': 28.0}","{'nitrogen': 51, 'phosphorus': 72, 'potassium': 145}",images/image_20250415-153857.jpg
2025-04-15 15:39:06,"{'value': 261, 'percentage': 75}","{'ph_value': 7.31, 'depth': 2.0, 'light': 202.0, 'temperature': 28.0}","{'nitrogen': 51, 'phosphorus': 72, 'potassium': 145}",images/image_20250415-153906.jpg
2025-04-15 15:39:15,"{'value': 260, 'percentage': 75}","{'ph_value': 7.35, 'depth': 2.0, 'light': 202.0, 'temperature': 28.0}","{'nitrogen': 51, 'phosphorus': 72, 'potassium': 145}",images/image_20250415-153915.jpg
2025-04-15 15:39:24,"{'value': 265, 'percentage': 75}","{'ph_value': 7.35, 'depth': 2.0, 'light': 202.0, 'temperature': 28.0}","{'nitrogen': 51, 'phosphorus': 72, 'potassium': 145}",images/image_20250415-153924.jpg
2025-04-15 15:39:33,"{'value': 264, 'percentage': 75}","{'ph_value': 7.31, 'depth': 2.0, 'light': 202.0, 'temperature': 28.0}","{'nitrogen': 51, 'phosphorus': 72, 'potassium': 145}",images/image_20250415-153933.jpg
2025-04-15 15:39:42,"{'value': 261, 'percentage': 75}","{'ph_value': 7.42, 'depth': 2.0, 'light': 201.0, 'temperature': 28.0}","{'nitrogen': 51, 'phosphorus': 72, 'potassium': 145}",images/image_20250415-153942.jpg
2025-04-15 15:39:51,"{'value': 263, 'percentage': 75}","{'ph_value': 7.31, 'depth': 2.0, 'light': 201.0, 'temperature': 28.0}","{'nitrogen': 51, 'phosphorus': 72, 'potassium': 145}",images/image_20250415-153951.jpg
2025-04-15 15:40:00,"{'value': 265, 'percentage': 75}","{'ph_value': 7.38, 'depth': 2.0, 'light': 201.0, 'temperature': 28.0}","{'nitrogen': 51, 'phosphorus': 72, 'potassium': 145}",images/image_20250415-154000.jpg
2025-04-15 15:40:09,"{'value': 262, 'percentage': 75}","{'ph_value': 7.35, 'depth': 2.0, 'light': 202.0, 'temperature': 28.0}","{'nitrogen': 51, 'phosphorus': 72, 'potassium': 145}",images/image_20250415-154009.jpg
2025-04-15 15:40:18,"{'value': 267, 'percentage': 74}","{'ph_value': 7.35, 'depth': 2.0, 'light': 202.0, 'temperature': 28.0}","{'nitrogen': 51, 'phosphorus': 72, 'potassium': 145}",images/image_20250415-154018.jpg
2025-04-15 15:40:27,"{'value': 262, 'percentage': 75}","{'ph_value': 7.35, 'depth': 2.0, 'light': 202.0, 'temperature': 28.0}","{'nitrogen': 51, 'phosphorus': 72, 'potassium': 145}",images/image_20250415-154027.jpg
2025-04-15 15:40:48,"{'value': 262, 'percentage': 75}","{'ph_value': 7.35, 'depth': 2.0, 'light': 202.0, 'temperature': 28.0}","{'nitrogen': 51, 'phosphorus': 72, 'potassium': 145}",images/image_20250415-154048.jpg
2025-04-15 15:40:57,"{'value': 260, 'percentage': 75}","{'ph_value': 7.31, 'depth': 2.0, 'light': 201.0, 'temperature': 28.0}","{'nitrogen': 51, 'phosphorus': 72, 'potassium': 145}",images/image_20250415-154057.jpg
2025-04-15 15:41:07,"{'value': 261, 'percentage': 75}","{'ph_value': 7.35, 'depth': 2.0, 'light': 201.0, 'temperature': 28.0}","{'nitrogen': 51, 'phosphorus': 72, 'potassium': 145}",images/image_20250415-154107.jpg
2025-04-15 15:41:16,"{'value': 262, 'percentage': 75}","{'ph_value': 7.35, 'depth': 2.0, 'light': 202.0, 'temperature': 28.0}","{'nitrogen': 51, 'phosphorus': 72, 'potassium': 145}",images/image_20250415-154116.jpg
2025-04-15 15:41:26,"{'value': 262, 'percentage': 75}","{'ph_value': 7.35, 'depth': 2.0, 'light': 202.0, 'temperature': 28.0}","{'nitrogen': 51, 'phosphorus': 72, 'potassium': 145}",images/image_20250415-154126.jpg
2025-04-15 15:41:35,"{'value': 276, 'percentage': 74}","{'ph_value': 7.38, 'depth': 2.0, 'light': 202.0, 'temperature': 28.0}","{'nitrogen': 51, 'phosphorus': 72, 'potassium': 145}",images/image_20250415-154135.jpg
2025-04-15 15:41:49,"{'value': 263, 'percentage': 75}","{'ph_value': 7.31, 'depth': 2.0, 'light': 202.0, 'temperature': 28.0}","{'nitrogen': 51, 'phosphorus': 72, 'potassium': 145}",images/image_20250415-154149.jpg
2025-04-15 15:41:58,"{'value': 263, 'percentage': 75}","{'ph_value': 7.35, 'depth': 2.0, 'light': 201.0, 'temperature': 28.0}","{'nitrogen': 51, 'phosphorus': 72, 'potassium': 145}",images/image_20250415-154158.jpg
2025-04-15 15:42:07,"{'value': 262, 'percentage': 75}","{'ph_value': 7.31, 'depth': 2.0, 'light': 201.0, 'temperature': 28.0}","{'nitrogen': 51, 'phosphorus': 72, 'potassium': 145}",images/image_20250415-154207.jpg
2025-04-15 15:42:16,"{'value': 263, 'percentage': 75}","{'ph_value': 7.31, 'depth': 2.0, 'light': 201.0, 'temperature': 28.0}","{'nitrogen': 51, 'phosphorus': 72, 'potassium': 145}",images/image_20250415-154216.jpg
2025-04-15 15:42:25,"{'value': 264, 'percentage': 75}","{'ph_value': 7.31, 'depth': 2.0, 'light': 202.0, 'temperature': 28.0}","{'nitrogen': 51, 'phosphorus': 72, 'potassium': 145}",images/image_20250415-154225.jpg
2025-04-15 15:42:34,"{'value': 264, 'percentage': 75}","{'ph_value': 7.35, 'depth': 2.0, 'light': 202.0, 'temperature': 28.0}","{'nitrogen': 51, 'phosphorus': 72, 'potassium': 145}",images/image_20250415-154234.jpg
2025-04-15 15:42:44,"{'value': 261, 'percentage': 75}","{'ph_value': 7.27, 'depth': 2.0, 'light': 202.0, 'temperature': 28.0}","{'nitrogen': 51, 'phosphorus': 72, 'potassium': 145}",images/image_20250415-154244.jpg
2025-04-15 15:42:53,"{'value': 264, 'percentage': 75}","{'ph_value': 7.31, 'depth': 2.0, 'light': 202.0, 'temperature': 28.0}","{'nitrogen': 51, 'phosphorus': 72, 'potassium': 145}",images/image_20250415-154253.jpg
2025-04-15 15:43:02,"{'value': 272, 'percentage': 74}","{'ph_value': 7.46, 'depth': 2.0, 'light': 201.0, 'temperature': 28.0}","{'nitrogen': 51, 'phosphorus': 72, 'potassium': 145}",images/image_20250415-154302.jpg
2025-04-15 15:43:11,"{'value': 264, 'percentage': 75}","{'ph_value': 7.35, 'depth': 2.0, 'light': 201.0, 'temperature': 28.0}","{'nitrogen': 51, 'phosphorus': 72, 'potassium': 145}",images/image_20250415-154311.jpg
2025-04-15 15:43:20,"{'value': 265, 'percentage': 75}","{'ph_value': 7.6, 'depth': 2.0, 'light': 201.0, 'temperature': 28.0}","{'nitrogen': 51, 'phosphorus': 72, 'potassium': 145}",images/image_20250415-154320.jpg
2025-04-15 15:43:29,"{'value': 272, 'percentage': 74}","{'ph_value': 7.35, 'depth': 2.0, 'light': 201.0, 'temperature': 28.0}","{'nitrogen': 51, 'phosphorus': 72, 'potassium': 145}",images/image_20250415-154329.jpg
2025-04-15 15:43:38,"{'value': 265, 'percentage': 75}","{'ph_value': 7.35, 'depth': 2.0, 'light': 202.0, 'temperature': 28.0}","{'nitrogen': 51, 'phosphorus': 72, 'potassium': 145}",images/image_20250415-154338.jpg
2025-04-15 15:43:47,"{'value': 265, 'percentage': 75}","{'ph_value': 7.31, 'depth': 2.0, 'light': 202.0, 'temperature': 28.0}","{'nitrogen': 51, 'phosphorus': 72, 'potassium': 145}",images/image_20250415-154347.jpg
2025-04-15 15:43:56,"{'value': 263, 'percentage': 75}","{'ph_value': 7.31, 'depth': 2.0, 'light': 201.0, 'temperature': 28.0}","{'nitrogen': 51, 'phosphorus': 72, 'potassium': 145}",images/image_20250415-154356.jpg
2025-04-15 15:44:05,"{'value': 266, 'percentage': 74}","{'ph_value': 7.31, 'depth': 2.0, 'light': 201.0, 'temperature': 28.0}","{'nitrogen': 51, 'phosphorus': 72, 'potassium': 145}",images/image_20250415-154405.jpg
2025-04-15 15:44:15,"{'value': 282, 'percentage': 73}","{'ph_value': 7.35, 'depth': 2.0, 'light': 201.0, 'temperature': 28.0}","{'nitrogen': 51, 'phosphorus': 72, 'potassium': 145}",images/image_20250415-154415.jpg
2025-04-15 15:44:24,"{'value': 264, 'percentage': 75}","{'ph_value': 7.35, 'depth': 2.0, 'light': 201.0, 'temperature': 28.0}","{'nitrogen': 51, 'phosphorus': 72, 'potassium': 145}",images/image_20250415-154424.jpg
2025-04-15 15:44:33,"{'value': 265, 'percentage': 75}","{'ph_value': 7.35, 'depth': 2.0, 'light': 202.0, 'temperature': 28.0}","{'nitrogen': 51, 'phosphorus': 72, 'potassium': 145}",images/image_20250415-154433.jpg
2025-04-15 15:44:42,"{'value': 265, 'percentage': 75}","{'ph_value': 7.42, 'depth': 2.0, 'light': 202.0, 'temperature': 28.0}","{'nitrogen': 51, 'phosphorus': 72, 'potassium': 145}",images/image_20250415-154442.jpg
2025-04-15 15:44:51,"{'value': 265, 'percentage': 75}","{'ph_value': 7.31, 'depth': 2.0, 'light': 202.0, 'temperature': 28.0}","{'nitrogen': 51, 'phosphorus': 72, 'potassium': 145}",images/image_20250415-154451.jpg
2025-04-15 15:45:00,"{'value': 270, 'percentage': 74}","{'ph_value': 7.35, 'depth': 2.0, 'light': 202.0, 'temperature': 28.0}","{'nitrogen': 51, 'phosphorus': 72, 'potassium': 145}",images/image_20250415-154500.jpg
2025-04-15 15:45:10,"{'value': 267, 'percentage': 74}","{'ph_value': 7.31, 'depth': 2.0, 'light': 201.0, 'temperature': 28.0}","{'nitrogen': 51, 'phosphorus': 72, 'potassium': 145}",images/image_20250415-154510.jpg
2025-04-15 15:45:19,"{'value': 265, 'percentage': 75}","{'ph_value': 7.35, 'depth': 2.0, 'light': 201.0, 'temperature': 28.0}","{'nitrogen': 51, 'phosphorus': 72, 'potassium': 145}",images/image_20250415-154519.jpg
2025-04-15 15:45:28,"{'value': 278, 'percentage': 73}","{'ph_value': 7.31, 'depth': 2.0, 'light': 201.0, 'temperature': 28.0}","{'nitrogen': 51, 'phosphorus': 72, 'potassium': 145}",images/image_20250415-154528.jpg
2025-04-15 15:45:37,"{'value': 266, 'percentage': 74}","{'ph_value': 7.35, 'depth': 2.0, 'light': 201.0, 'temperature': 28.0}","{'nitrogen': 51, 'phosphorus': 72, 'potassium': 145}",images/image_20250415-154537.jpg
2025-04-15 15:45:47,"{'value': 282, 'percentage': 73}","{'ph_value': 7.35, 'depth': 2.0, 'light': 201.0, 'temperature': 28.0}","{'nitrogen': 51, 'phosphorus': 72, 'potassium': 145}",images/image_20250415-154547.jpg
2025-04-15 15:45:56,"{'value': 266, 'percentage': 74}","{'ph_value': 7.31, 'depth': 2.0, 'light': 202.0, 'temperature': 28.0}","{'nitrogen': 51, 'phosphorus': 72, 'potassium': 145}",images/image_20250415-154556.jpg
2025-04-15 15:46:06,"{'value': 267, 'percentage': 74}","{'ph_value': 7.53, 'depth': 2.0, 'light': 202.0, 'temperature': 28.0}","{'nitrogen': 51, 'phosphorus': 72, 'potassium': 145}",images/image_20250415-154606.jpg
2025-04-15 15:46:16,"{'value': 268, 'percentage': 74}","{'ph_value': 7.31, 'depth': 2.0, 'light': 202.0, 'temperature': 28.0}","{'nitrogen': 51, 'phosphorus': 72, 'potassium': 145}",images/image_20250415-154616.jpg
2025-04-15 15:46:25,"{'value': 270, 'percentage': 74}","{'ph_value': 7.35, 'depth': 2.0, 'light': 202.0, 'temperature': 28.0}","{'nitrogen': 51, 'phosphorus': 72, 'potassium': 145}",images/image_20250415-154625.jpg
2025-04-15 15:46:34,"{'value': 265, 'percentage': 75}","{'ph_value': 7.31, 'depth': 2.0, 'light': 201.0, 'temperature': 28.0}","{'nitrogen': 51, 'phosphorus': 72, 'potassium': 145}",images/image_20250415-154634.jpg
2025-04-15 15:46:43,"{'value': 267, 'percentage': 74}","{'ph_value': 7.35, 'depth': 2.0, 'light': 201.0, 'temperature': 28.0}","{'nitrogen': 51, 'phosphorus': 72, 'potassium': 145}",images/image_20250415-154643.jpg
2025-04-15 15:46:52,"{'value': 279, 'percentage': 73}","{'ph_value': 7.35, 'depth': 2.0, 'light': 201.0, 'temperature': 28.0}","{'nitrogen': 51, 'phosphorus': 72, 'potassium': 145}",images/image_20250415-154652.jpg
2025-04-15 15:47:01,"{'value': 267, 'percentage': 74}","{'ph_value': 7.35, 'depth': 2.0, 'light': 201.0, 'temperature': 28.0}","{'nitrogen': 51, 'phosphorus': 72, 'potassium': 145}",images/image_20250415-154701.jpg
2025-04-15 15:47:11,"{'value': 271, 'percentage': 74}","{'ph_value': 7.31, 'depth': 2.0, 'light': 201.0, 'temperature': 28.0}","{'nitrogen': 51, 'phosphorus': 72, 'potassium': 145}",images/image_20250415-154711.jpg
2025-04-15 15:47:20,"{'value': 267, 'percentage': 74}","{'ph_value': 7.35, 'depth': 2.0, 'light': 201.0, 'temperature': 28.0}","{'nitrogen': 51, 'phosphorus': 72, 'potassium': 145}",images/image_20250415-154720.jpg
2025-04-15 15:47:29,"{'value': 267, 'percentage': 74}","{'ph_value': 7.6, 'depth': 2.0, 'light': 201.0, 'temperature': 28.0}","{'nitrogen': 51, 'phosphorus': 72, 'potassium': 145}",images/image_20250415-154729.jpg
2025-04-15 15:47:38,"{'value': 269, 'percentage': 74}","{'ph_value': 7.35, 'depth': 2.0, 'light': 201.0, 'temperature': 28.0}","{'nitrogen': 51, 'phosphorus': 72, 'potassium': 145}",images/image_20250415-154738.jpg
2025-04-15 15:47:47,"{'value': 266, 'percentage': 74}","{'ph_value': 7.42, 'depth': 2.0, 'light': 201.0, 'temperature': 28.0}","{'nitrogen': 51, 'phosphorus': 72, 'potassium': 145}",images/image_20250415-154747.jpg
2025-04-15 15:47:56,"{'value': 269, 'percentage': 74}","{'ph_value': 7.35, 'depth': 2.0, 'light': 201.0, 'temperature': 28.0}","{'nitrogen': 51, 'phosphorus': 72, 'potassium': 145}",images/image_20250415-154756.jpg
2025-04-15 15:48:05,"{'value': 266, 'percentage': 74}","{'ph_value': 7.35, 'depth': 2.0, 'light': 201.0, 'temperature': 28.0}","{'nitrogen': 51, 'phosphorus': 72, 'potassium': 145}",images/image_20250415-154805.jpg
2025-04-15 15:48:15,"{'value': 269, 'percentage': 74}","{'ph_value': 7.35, 'depth': 2.0, 'light': 201.0, 'temperature': 28.0}","{'nitrogen': 51, 'phosphorus': 72, 'potassium': 145}",images/image_20250415-154815.jpg
2025-04-15 15:48:27,"{'value': 266, 'percentage': 74}","{'ph_value': 7.35, 'depth': 2.0, 'light': 202.0, 'temperature': 28.0}","{'nitrogen': 51, 'phosphorus': 72, 'potassium': 145}",images/image_20250415-154827.jpg
2025-04-15 15:48:36,"{'value': 271, 'percentage': 74}","{'ph_value': 7.31, 'depth': 2.0, 'light': 202.0, 'temperature': 28.0}","{'nitrogen': 51, 'phosphorus': 72, 'potassium': 145}",images/image_20250415-154836.jpg
2025-04-15 15:48:44,"{'value': 268, 'percentage': 74}","{'ph_value': 7.35, 'depth': 2.0, 'light': 202.0, 'temperature': 28.0}","{'nitrogen': 51, 'phosphorus': 72, 'potassium': 145}",images/image_20250415-154844.jpg
2025-04-15 15:48:53,"{'value': 267, 'percentage': 74}","{'ph_value': 7.35, 'depth': 2.0, 'light': 202.0, 'temperature': 28.0}","{'nitrogen': 51, 'phosphorus': 72, 'potassium': 145}",images/image_20250415-154853.jpg
2025-04-15 15:49:03,"{'value': 269, 'percentage': 74}","{'ph_value': 7.35, 'depth': 2.0, 'light': 202.0, 'temperature': 28.0}","{'nitrogen': 51, 'phosphorus': 72, 'potassium': 145}",images/image_20250415-154903.jpg
2025-04-15 15:49:12,"{'value': 268, 'percentage': 74}","{'ph_value': 7.46, 'depth': 2.0, 'light': 202.0, 'temperature': 28.0}","{'nitrogen': 51, 'phosphorus': 72, 'potassium': 145}",images/image_20250415-154912.jpg
2025-04-15 15:49:21,"{'value': 267, 'percentage': 74}","{'ph_value': 7.31, 'depth': 2.0, 'light': 202.0, 'temperature': 28.0}","{'nitrogen': 51, 'phosphorus': 72, 'potassium': 145}",images/image_20250415-154921.jpg
2025-04-15 15:49:31,"{'value': 267, 'percentage': 74}","{'ph_value': 7.35, 'depth': 2.0, 'light': 202.0, 'temperature': 28.0}","{'nitrogen': 51, 'phosphorus': 72, 'potassium': 145}",images/image_20250415-154931.jpg
2025-04-15 15:49:40,"{'value': 267, 'percentage': 74}","{'ph_value': 7.31, 'depth': 2.0, 'light': 202.0, 'temperature': 28.0}","{'nitrogen': 51, 'phosphorus': 72, 'potassium': 145}",images/image_20250415-154940.jpg
2025-04-15 15:49:49,"{'value': 267, 'percentage': 74}","{'ph_value': 7.35, 'depth': 2.0, 'light': 202.0, 'temperature': 28.0}","{'nitrogen': 51, 'phosphorus': 72, 'potassium': 145}",images/image_20250415-154949.jpg
2025-04-15 15:49:58,"{'value': 271, 'percentage': 74}","{'ph_value': 7.31, 'depth': 2.0, 'light': 202.0, 'temperature': 28.0}","{'nitrogen': 51, 'phosphorus': 72, 'potassium': 145}",images/image_20250415-154958.jpg
2025-04-15 15:50:07,"{'value': 270, 'percentage': 74}","{'ph_value': 7.35, 'depth': 2.0, 'light': 202.0, 'temperature': 28.0}","{'nitrogen': 51, 'phosphorus': 72, 'potassium': 145}",images/image_20250415-155007.jpg
2025-04-15 15:50:16,"{'value': 268, 'percentage': 74}","{'ph_value': 7.35, 'depth': 2.0, 'light': 202.0, 'temperature': 28.0}","{'nitrogen': 51, 'phosphorus': 72, 'potassium': 145}",images/image_20250415-155016.jpg
2025-04-15 15:50:25,"{'value': 273, 'percentage': 74}","{'ph_value': 7.31, 'depth': 2.0, 'light': 202.0, 'temperature': 28.0}","{'nitrogen': 51, 'phosphorus': 72, 'potassium': 145}",images/image_20250415-155025.jpg
2025-04-15 15:50:34,"{'value': 271, 'percentage': 74}","{'ph_value': 7.42, 'depth': 2.0, 'light': 202.0, 'temperature': 28.0}","{'nitrogen': 51, 'phosphorus': 72, 'potassium': 145}",images/image_20250415-155034.jpg
2025-04-15 15:50:43,"{'value': 269, 'percentage': 74}","{'ph_value': 7.35, 'depth': 2.0, 'light': 201.0, 'temperature': 28.0}","{'nitrogen': 51, 'phosphorus': 72, 'potassium': 145}",images/image_20250415-155043.jpg
2025-04-15 15:50:52,"{'value': 269, 'percentage': 74}","{'ph_value': 7.38, 'depth': 2.0, 'light': 200.0, 'temperature': 28.0}","{'nitrogen': 51, 'phosphorus': 72, 'potassium': 145}",images/image_20250415-155052.jpg
2025-04-15 15:51:01,"{'value': 274, 'percentage': 74}","{'ph_value': 7.35, 'depth': 2.0, 'light': 200.0, 'temperature': 28.0}","{'nitrogen': 51, 'phosphorus': 72, 'potassium': 145}",images/image_20250415-155101.jpg
2025-04-15 15:51:10,"{'value': 270, 'percentage': 74}","{'ph_value': 7.35, 'depth': 2.0, 'light': 200.0, 'temperature': 28.0}","{'nitrogen': 51, 'phosphorus': 72, 'potassium': 145}",images/image_20250415-155110.jpg
2025-04-15 15:51:19,"{'value': 269, 'percentage': 74}","{'ph_value': 7.35, 'depth': 2.0, 'light': 200.0, 'temperature': 28.0}","{'nitrogen': 51, 'phosphorus': 72, 'potassium': 145}",images/image_20250415-155119.jpg
2025-04-15 15:51:28,"{'value': 271, 'percentage': 74}","{'ph_value': 7.35, 'depth': 2.0, 'light': 200.0, 'temperature': 28.0}","{'nitrogen': 51, 'phosphorus': 72, 'potassium': 145}",images/image_20250415-155128.jpg
2025-04-15 15:51:37,"{'value': 271, 'percentage': 74}","{'ph_value': 7.35, 'depth': 2.0, 'light': 201.0, 'temperature': 28.0}","{'nitrogen': 51, 'phosphorus': 72, 'potassium': 145}",images/image_20250415-155137.jpg
2025-04-15 15:51:46,"{'value': 270, 'percentage': 74}","{'ph_value': 7.35, 'depth': 2.0, 'light': 201.0, 'temperature': 28.0}","{'nitrogen': 51, 'phosphorus': 72, 'potassium': 145}",images/image_20250415-155146.jpg
2025-04-15 15:51:55,"{'value': 269, 'percentage': 74}","{'ph_value': 7.35, 'depth': 2.0, 'light': 201.0, 'temperature': 28.0}","{'nitrogen': 51, 'phosphorus': 72, 'potassium': 145}",images/image_20250415-155155.jpg
2025-04-15 15:52:04,"{'value': 270, 'percentage': 74}","{'ph_value': 7.35, 'depth': 2.0, 'light': 201.0, 'temperature': 28.0}","{'nitrogen': 51, 'phosphorus': 72, 'potassium': 145}",images/image_20250415-155204.jpg
2025-04-15 15:52:13,"{'value': 271, 'percentage': 74}","{'ph_value': 7.31, 'depth': 2.0, 'light': 201.0, 'temperature': 28.0}","{'nitrogen': 51, 'phosphorus': 72, 'potassium': 145}",images/image_20250415-155213.jpg
2025-04-15 15:52:22,"{'value': 270, 'percentage': 74}","{'ph_value': 7.35, 'depth': 2.0, 'light': 201.0, 'temperature': 28.0}","{'nitrogen': 51, 'phosphorus': 72, 'potassium': 145}",images/image_20250415-155222.jpg
2025-04-15 15:52:32,"{'value': 271, 'percentage': 74}","{'ph_value': 7.31, 'depth': 2.0, 'light': 201.0, 'temperature': 28.0}","{'nitrogen': 51, 'phosphorus': 72, 'potassium': 145}",images/image_20250415-155232.jpg
2025-04-15 15:52:41,"{'value': 270, 'percentage': 74}","{'ph_value': 7.35, 'depth': 2.0, 'light': 201.0, 'temperature': 28.0}","{'nitrogen': 51, 'phosphorus': 72, 'potassium': 145}",images/image_20250415-155241.jpg
2025-04-15 15:52:50,"{'value': 271, 'percentage': 74}","{'ph_value': 7.57, 'depth': 2.0, 'light': 201.0, 'temperature': 28.0}","{'nitrogen': 51, 'phosphorus': 72, 'potassium': 145}",images/image_20250415-155250.jpg
2025-04-15 15:52:59,"{'value': 270, 'percentage': 74}","{'ph_value': 7.35, 'depth': 2.0, 'light': 201.0, 'temperature': 28.0}","{'nitrogen': 51, 'phosphorus': 72, 'potassium': 145}",images/image_20250415-155259.jpg
2025-04-15 15:53:08,"{'value': 273, 'percentage': 74}","{'ph_value': 7.6, 'depth': 2.0, 'light': 201.0, 'temperature': 28.0}","{'nitrogen': 51, 'phosphorus': 72, 'potassium': 145}",images/image_20250415-155308.jpg
2025-04-15 15:53:17,"{'value': 270, 'percentage': 74}","{'ph_value': 7.31, 'depth': 2.0, 'light': 201.0, 'temperature': 28.0}","{'nitrogen': 51, 'phosphorus': 72, 'potassium': 145}",images/image_20250415-155317.jpg
2025-04-15 15:53:26,"{'value': 272, 'percentage': 74}","{'ph_value': 7.35, 'depth': 2.0, 'light': 201.0, 'temperature': 28.0}","{'nitrogen': 51, 'phosphorus': 72, 'potassium': 145}",images/image_20250415-155326.jpg
2025-04-15 15:53:36,"{'value': 269, 'percentage': 74}","{'ph_value': 7.31, 'depth': 2.0, 'light': 202.0, 'temperature': 28.0}","{'nitrogen': 51, 'phosphorus': 72, 'potassium': 145}",images/image_20250415-155336.jpg
2025-04-15 15:53:49,"{'value': 290, 'percentage': 72}","{'ph_value': 7.35, 'depth': 2.0, 'light': 202.0, 'temperature': 28.0}","{'nitrogen': 51, 'phosphorus': 72, 'potassium': 145}",images/image_20250415-155349.jpg
2025-04-15 15:53:58,"{'value': 272, 'percentage': 74}","{'ph_value': 7.31, 'depth': 2.0, 'light': 202.0, 'temperature': 28.0}","{'nitrogen': 51, 'phosphorus': 72, 'potassium': 145}",images/image_20250415-155358.jpg
2025-04-15 15:54:10,"{'value': 273, 'percentage': 74}","{'ph_value': 7.35, 'depth': 2.0, 'light': 202.0, 'temperature': 28.0}","{'nitrogen': 51, 'phosphorus': 72, 'potassium': 145}",images/image_20250415-155410.jpg
2025-04-15 15:54:19,"{'value': 272, 'percentage': 74}","{'ph_value': 7.35, 'depth': 2.0, 'light': 202.0, 'temperature': 28.0}","{'nitrogen': 51, 'phosphorus': 72, 'potassium': 145}",images/image_20250415-155419.jpg
2025-04-15 15:54:28,"{'value': 272, 'percentage': 74}","{'ph_value': 7.35, 'depth': 2.0, 'light': 202.0, 'temperature': 28.0}","{'nitrogen': 51, 'phosphorus': 72, 'potassium': 145}",images/image_20250415-155428.jpg
2025-04-15 15:54:37,"{'value': 273, 'percentage': 74}","{'ph_value': 7.42, 'depth': 2.0, 'light': 202.0, 'temperature': 28.0}","{'nitrogen': 51, 'phosphorus': 72, 'potassium': 145}",images/image_20250415-155437.jpg
2025-04-15 15:54:51,"{'value': 277, 'percentage': 73}","{'ph_value': 7.31, 'depth': 2.0, 'light': 202.0, 'temperature': 28.0}","{'nitrogen': 51, 'phosphorus': 72, 'potassium': 145}",images/image_20250415-155451.jpg
2025-04-15 15:55:01,"{'value': 272, 'percentage': 74}","{'ph_value': 7.35, 'depth': 2.0, 'light': 201.0, 'temperature': 28.0}","{'nitrogen': 51, 'phosphorus': 72, 'potassium': 145}",images/image_20250415-155501.jpg
2025-04-15 15:55:10,"{'value': 274, 'percentage': 74}","{'ph_value': 7.31, 'depth': 2.0, 'light': 201.0, 'temperature': 28.0}","{'nitrogen': 51, 'phosphorus': 72, 'potassium': 145}",images/image_20250415-155510.jpg
2025-04-15 15:55:21,"{'value': 274, 'percentage': 74}","{'ph_value': 7.35, 'depth': 2.0, 'light': 201.0, 'temperature': 28.0}","{'nitrogen': 51, 'phosphorus': 72, 'potassium': 145}",images/image_20250415-155521.jpg
2025-04-15 15:55:31,"{'value': 274, 'percentage': 74}","{'ph_value': 7.31, 'depth': 2.0, 'light': 201.0, 'temperature': 28.0}","{'nitrogen': 51, 'phosphorus': 72, 'potassium': 145}",images/image_20250415-155531.jpg
2025-04-15 15:55:40,"{'value': 273, 'percentage': 74}","{'ph_value': 7.35, 'depth': 2.0, 'light': 201.0, 'temperature': 28.0}","{'nitrogen': 51, 'phosphorus': 72, 'potassium': 145}",images/image_20250415-155540.jpg
2025-04-15 15:55:49,"{'value': 292, 'percentage': 72}","{'ph_value': 7.35, 'depth': 2.0, 'light': 201.0, 'temperature': 28.0}","{'nitrogen': 51, 'phosphorus': 72, 'potassium': 145}",images/image_20250415-155549.jpg
2025-04-15 15:56:00,"{'value': 270, 'percentage': 74}","{'ph_value': 7.31, 'depth': 2.0, 'light': 202.0, 'temperature': 28.0}","{'nitrogen': 51, 'phosphorus': 72, 'potassium': 145}",images/image_20250415-155600.jpg
2025-04-15 15:56:13,"{'value': 274, 'percentage': 74}","{'ph_value': 7.42, 'depth': 2.0, 'light': 202.0, 'temperature': 28.0}","{'nitrogen': 51, 'phosphorus': 72, 'potassium': 145}",images/image_20250415-155613.jpg
2025-04-15 15:56:22,"{'value': 273, 'percentage': 74}","{'ph_value': 7.31, 'depth': 2.0, 'light': 202.0, 'temperature': 28.0}","{'nitrogen': 51, 'phosphorus': 72, 'potassium': 145}",images/image_20250415-155622.jpg
2025-04-15 15:56:31,"{'value': 273, 'percentage': 74}","{'ph_value': 7.42, 'depth': 2.0, 'light': 202.0, 'temperature': 28.0}","{'nitrogen': 51, 'phosphorus': 72, 'potassium': 145}",images/image_20250415-155631.jpg
2025-04-15 15:56:40,"{'value': 273, 'percentage': 74}","{'ph_value': 7.35, 'depth': 2.0, 'light': 202.0, 'temperature': 28.0}","{'nitrogen': 51, 'phosphorus': 72, 'potassium': 145}",images/image_20250415-155640.jpg
2025-04-15 15:56:48,"{'value': 271, 'percentage': 74}","{'ph_value': 7.35, 'depth': 2.0, 'light': 201.0, 'temperature': 28.0}","{'nitrogen': 51, 'phosphorus': 72, 'potassium': 145}",images/image_20250415-155648.jpg
2025-04-15 15:56:57,"{'value': 274, 'percentage': 74}","{'ph_value': 7.31, 'depth': 2.0, 'light': 201.0, 'temperature': 28.0}","{'nitrogen': 51, 'phosphorus': 72, 'potassium': 145}",images/image_20250415-155657.jpg
2025-04-15 15:57:06,"{'value': 270, 'percentage': 74}","{'ph_value': 7.35, 'depth': 2.0, 'light': 201.0, 'temperature': 28.0}","{'nitrogen': 51, 'phosphorus': 72, 'potassium': 145}",images/image_20250415-155706.jpg
2025-04-15 15:57:16,"{'value': 272, 'percentage': 74}","{'ph_value': 7.31, 'depth': 2.0, 'light': 201.0, 'temperature': 28.0}","{'nitrogen': 51, 'phosphorus': 72, 'potassium': 145}",images/image_20250415-155716.jpg
2025-04-15 15:57:27,"{'value': 273, 'percentage': 74}","{'ph_value': 7.35, 'depth': 2.0, 'light': 201.0, 'temperature': 28.0}","{'nitrogen': 51, 'phosphorus': 72, 'potassium': 145}",images/image_20250415-155727.jpg
2025-04-15 15:57:37,"{'value': 273, 'percentage': 74}","{'ph_value': 7.35, 'depth': 2.0, 'light': 202.0, 'temperature': 28.0}","{'nitrogen': 51, 'phosphorus': 72, 'potassium': 145}",images/image_20250415-155737.jpg
2025-04-15 15:57:46,"{'value': 273, 'percentage': 74}","{'ph_value': 7.35, 'depth': 2.0, 'light': 202.0, 'temperature': 28.0}","{'nitrogen': 51, 'phosphorus': 72, 'potassium': 145}",images/image_20250415-155746.jpg
2025-04-15 15:57:55,"{'value': 274, 'percentage': 74}","{'ph_value': 7.38, 'depth': 2.0, 'light': 202.0, 'temperature': 28.0}","{'nitrogen': 51, 'phosphorus': 72, 'potassium': 145}",images/image_20250415-155755.jpg
2025-04-15 15:58:04,"{'value': 272, 'percentage': 74}","{'ph_value': 7.31, 'depth': 2.0, 'light': 202.0, 'temperature': 28.0}","{'nitrogen': 51, 'phosphorus': 72, 'potassium': 145}",images/image_20250415-155804.jpg
2025-04-15 15:58:13,"{'value': 273, 'percentage': 74}","{'ph_value': 7.35, 'depth': 2.0, 'light': 202.0, 'temperature': 28.0}","{'nitrogen': 51, 'phosphorus': 72, 'potassium': 145}",images/image_20250415-155813.jpg
2025-04-15 15:58:22,"{'value': 273, 'percentage': 74}","{'ph_value': 7.31, 'depth': 2.0, 'light': 201.0, 'temperature': 28.0}","{'nitrogen': 51, 'phosphorus': 72, 'potassium': 145}",images/image_20250415-155822.jpg
2025-04-15 15:58:33,"{'value': 272, 'percentage': 74}","{'ph_value': 7.35, 'depth': 2.0, 'light': 201.0, 'temperature': 28.0}","{'nitrogen': 51, 'phosphorus': 72, 'potassium': 145}",images/image_20250415-155833.jpg
2025-04-15 15:58:42,"{'value': 273, 'percentage': 74}","{'ph_value': 7.31, 'depth': 2.0, 'light': 201.0, 'temperature': 28.0}","{'nitrogen': 51, 'phosphorus': 72, 'potassium': 145}",images/image_20250415-155842.jpg
2025-04-15 15:58:51,"{'value': 276, 'percentage': 74}","{'ph_value': 7.35, 'depth': 2.0, 'light': 201.0, 'temperature': 28.0}","{'nitrogen': 51, 'phosphorus': 72, 'potassium': 145}",images/image_20250415-155851.jpg
2025-04-15 15:59:02,"{'value': 273, 'percentage': 74}","{'ph_value': 7.35, 'depth': 2.0, 'light': 201.0, 'temperature': 28.0}","{'nitrogen': 51, 'phosphorus': 72, 'potassium': 145}",images/image_20250415-155902.jpg
2025-04-15 15:59:12,"{'value': 274, 'percentage': 74}","{'ph_value': 7.31, 'depth': 2.0, 'light': 201.0, 'temperature': 28.0}","{'nitrogen': 51, 'phosphorus': 72, 'potassium': 145}",images/image_20250415-155912.jpg
2025-04-15 15:59:21,"{'value': 274, 'percentage': 74}","{'ph_value': 7.42, 'depth': 2.0, 'light': 202.0, 'temperature': 28.0}","{'nitrogen': 51, 'phosphorus': 72, 'potassium': 145}",images/image_20250415-155921.jpg
2025-04-15 15:59:30,"{'value': 273, 'percentage': 74}","{'ph_value': 7.31, 'depth': 2.0, 'light': 202.0, 'temperature': 28.0}","{'nitrogen': 51, 'phosphorus': 72, 'potassium': 145}",images/image_20250415-155930.jpg
2025-04-15 15:59:39,"{'value': 273, 'percentage': 74}","{'ph_value': 7.6, 'depth': 2.0, 'light': 202.0, 'temperature': 28.0}","{'nitrogen': 51, 'phosphorus': 72, 'potassium': 145}",images/image_20250415-155939.jpg
2025-04-15 15:59:48,"{'value': 273, 'percentage': 74}","{'ph_value': 7.31, 'depth': 2.0, 'light': 202.0, 'temperature': 28.0}","{'nitrogen': 51, 'phosphorus': 72, 'potassium': 145}",images/image_20250415-155948.jpg
2025-04-15 15:59:57,"{'value': 281, 'percentage': 73}","{'ph_value': 7.35, 'depth': 2.0, 'light': 202.0, 'temperature': 28.0}","{'nitrogen': 51, 'phosphorus': 72, 'potassium': 145}",images/image_20250415-155957.jpg
2025-04-15 16:00:06,"{'value': 274, 'percentage': 74}","{'ph_value': 7.31, 'depth': 2.0, 'light': 202.0, 'temperature': 28.0}","{'nitrogen': 51, 'phosphorus': 72, 'potassium': 145}",images/image_20250415-160006.jpg
2025-04-15 16:00:15,"{'value': 274, 'percentage': 74}","{'ph_value': 7.31, 'depth': 2.0, 'light': 202.0, 'temperature': 28.0}","{'nitrogen': 51, 'phosphorus': 72, 'potassium': 145}",images/image_20250415-160015.jpg
2025-04-15 16:00:24,"{'value': 274, 'percentage': 74}","{'ph_value': 7.31, 'depth': 2.0, 'light': 202.0, 'temperature': 28.0}","{'nitrogen': 51, 'phosphorus': 72, 'potassium': 145}",images/image_20250415-160024.jpg
2025-04-15 16:00:33,"{'value': 275, 'percentage': 74}","{'ph_value': 7.35, 'depth': 2.0, 'light': 201.0, 'temperature': 28.0}","{'nitrogen': 51, 'phosphorus': 72, 'potassium': 145}",images/image_20250415-160033.jpg
2025-04-15 16:00:42,"{'value': 275, 'percentage': 74}","{'ph_value': 7.35, 'depth': 2.0, 'light': 201.0, 'temperature': 28.0}","{'nitrogen': 51, 'phosphorus': 72, 'potassium': 145}",images/image_20250415-160042.jpg
2025-04-15 16:00:51,"{'value': 279, 'percentage': 73}","{'ph_value': 7.35, 'depth': 2.0, 'light': 201.0, 'temperature': 28.0}","{'nitrogen': 51, 'phosphorus': 72, 'potassium': 145}",images/image_20250415-160051.jpg
2025-04-15 16:01:00,"{'value': 273, 'percentage': 74}","{'ph_value': 7.38, 'depth': 2.0, 'light': 201.0, 'temperature': 28.0}","{'nitrogen': 51, 'phosphorus': 72, 'potassium': 145}",images/image_20250415-160100.jpg
2025-04-15 16:01:09,"{'value': 275, 'percentage': 74}","{'ph_value': 7.31, 'depth': 2.0, 'light': 201.0, 'temperature': 28.0}","{'nitrogen': 51, 'phosphorus': 72, 'potassium': 145}",images/image_20250415-160109.jpg
2025-04-15 16:01:18,"{'value': 275, 'percentage': 74}","{'ph_value': 7.31, 'depth': 2.0, 'light': 201.0, 'temperature': 28.0}","{'nitrogen': 51, 'phosphorus': 72, 'potassium': 145}",images/image_20250415-160118.jpg
2025-04-15 16:01:29,"{'value': 273, 'percentage': 74}","{'ph_value': 7.31, 'depth': 2.0, 'light': 201.0, 'temperature': 28.0}","{'nitrogen': 51, 'phosphorus': 72, 'potassium': 145}",images/image_20250415-160129.jpg
2025-04-15 16:01:38,"{'value': 275, 'percentage': 74}","{'ph_value': 7.35, 'depth': 2.0, 'light': 202.0, 'temperature': 28.0}","{'nitrogen': 51, 'phosphorus': 72, 'potassium': 145}",images/image_20250415-160138.jpg
2025-04-15 16:01:47,"{'value': 274, 'percentage': 74}","{'ph_value': 7.31, 'depth': 2.0, 'light': 202.0, 'temperature': 28.0}","{'nitrogen': 51, 'phosphorus': 72, 'potassium': 145}",images/image_20250415-160147.jpg
2025-04-15 16:01:56,"{'value': 274, 'percentage': 74}","{'ph_value': 7.35, 'depth': 2.0, 'light': 202.0, 'temperature': 28.0}","{'nitrogen': 51, 'phosphorus': 72, 'potassium': 145}",images/image_20250415-160156.jpg
2025-04-15 16:02:05,"{'value': 278, 'percentage': 73}","{'ph_value': 7.35, 'depth': 2.0, 'light': 202.0, 'temperature': 28.0}","{'nitrogen': 51, 'phosphorus': 72, 'potassium': 145}",images/image_20250415-160205.jpg
2025-04-15 16:02:14,"{'value': 275, 'percentage': 74}","{'ph_value': 7.35, 'depth': 2.0, 'light': 202.0, 'temperature': 28.0}","{'nitrogen': 51, 'phosphorus': 72, 'potassium': 145}",images/image_20250415-160214.jpg
2025-04-15 16:02:23,"{'value': 276, 'percentage': 74}","{'ph_value': 7.64, 'depth': 2.0, 'light': 202.0, 'temperature': 28.0}","{'nitrogen': 51, 'phosphorus': 72, 'potassium': 145}",images/image_20250415-160223.jpg
2025-04-15 16:02:32,"{'value': 275, 'percentage': 74}","{'ph_value': 7.35, 'depth': 2.0, 'light': 202.0, 'temperature': 28.0}","{'nitrogen': 51, 'phosphorus': 72, 'potassium': 145}",images/image_20250415-160232.jpg
2025-04-15 16:02:41,"{'value': 273, 'percentage': 74}","{'ph_value': 7.35, 'depth': 2.0, 'light': 201.0, 'temperature': 28.0}","{'nitrogen': 51, 'phosphorus': 72, 'potassium': 145}",images/image_20250415-160241.jpg
2025-04-15 16:02:50,"{'value': 275, 'percentage': 74}","{'ph_value': 7.31, 'depth': 2.0, 'light': 201.0, 'temperature': 28.0}","{'nitrogen': 51, 'phosphorus': 72, 'potassium': 145}",images/image_20250415-160250.jpg
2025-04-15 16:02:59,"{'value': 275, 'percentage': 74}","{'ph_value': 7.35, 'depth': 2.0, 'light': 201.0, 'temperature': 28.0}","{'nitrogen': 51, 'phosphorus': 72, 'potassium': 145}",images/image_20250415-160259.jpg
2025-04-15 16:03:08,"{'value': 276, 'percentage': 74}","{'ph_value': 7.31, 'depth': 2.0, 'light': 201.0, 'temperature': 28.0}","{'nitrogen': 51, 'phosphorus': 72, 'potassium': 145}",images/image_20250415-160308.jpg
2025-04-15 16:03:17,"{'value': 278, 'percentage': 73}","{'ph_value': 7.35, 'depth': 2.0, 'light': 201.0, 'temperature': 28.0}","{'nitrogen': 51, 'phosphorus': 72, 'potassium': 145}",images/image_20250415-160317.jpg
2025-04-15 16:03:26,"{'value': 277, 'percentage': 73}","{'ph_value': 7.35, 'depth': 2.0, 'light': 201.0, 'temperature': 28.0}","{'nitrogen': 51, 'phosphorus': 72, 'potassium': 145}",images/image_20250415-160326.jpg
2025-04-15 16:03:35,"{'value': 283, 'percentage': 73}","{'ph_value': 7.35, 'depth': 2.0, 'light': 201.0, 'temperature': 28.0}","{'nitrogen': 51, 'phosphorus': 72, 'potassium': 145}",images/image_20250415-160335.jpg
2025-04-15 16:03:44,"{'value': 276, 'percentage': 74}","{'ph_value': 7.64, 'depth': 1.0, 'light': 201.0, 'temperature': 28.0}","{'nitrogen': 51, 'phosphorus': 72, 'potassium': 145}",images/image_20250415-160344.jpg
2025-04-15 16:03:54,"{'value': 275, 'percentage': 74}","{'ph_value': 7.31, 'depth': 2.0, 'light': 202.0, 'temperature': 28.0}","{'nitrogen': 51, 'phosphorus': 72, 'potassium': 145}",images/image_20250415-160354.jpg
2025-04-15 16:04:05,"{'value': 276, 'percentage': 74}","{'ph_value': 7.6, 'depth': 2.0, 'light': 202.0, 'temperature': 28.0}","{'nitrogen': 51, 'phosphorus': 72, 'potassium': 145}",images/image_20250415-160405.jpg
2025-04-15 16:04:14,"{'value': 293, 'percentage': 72}","{'ph_value': 7.35, 'depth': 2.0, 'light': 202.0, 'temperature': 28.0}","{'nitrogen': 51, 'phosphorus': 72, 'potassium': 145}",images/image_20250415-160414.jpg
2025-04-15 16:04:23,"{'value': 278, 'percentage': 73}","{'ph_value': 7.35, 'depth': 2.0, 'light': 202.0, 'temperature': 28.0}","{'nitrogen': 51, 'phosphorus': 72, 'potassium': 145}",images/image_20250415-160423.jpg
2025-04-15 16:04:33,"{'value': 275, 'percentage': 74}","{'ph_value': 7.31, 'depth': 2.0, 'light': 202.0, 'temperature': 28.0}","{'nitrogen': 51, 'phosphorus': 72, 'potassium': 145}",images/image_20250415-160433.jpg
2025-04-15 16:04:42,"{'value': 277, 'percentage': 73}","{'ph_value': 7.35, 'depth': 2.0, 'light': 202.0, 'temperature': 28.0}","{'nitrogen': 51, 'phosphorus': 72, 'potassium': 145}",images/image_20250415-160442.jpg
2025-04-15 16:04:51,"{'value': 277, 'percentage': 73}","{'ph_value': 7.31, 'depth': 2.0, 'light': 202.0, 'temperature': 28.0}","{'nitrogen': 51, 'phosphorus': 72, 'potassium': 145}",images/image_20250415-160451.jpg
2025-04-15 16:05:00,"{'value': 274, 'percentage': 74}","{'ph_value': 7.31, 'depth': 2.0, 'light': 201.0, 'temperature': 28.0}","{'nitrogen': 51, 'phosphorus': 72, 'potassium': 145}",images/image_20250415-160500.jpg
2025-04-15 16:05:09,"{'value': 276, 'percentage': 74}","{'ph_value': 7.35, 'depth': 2.0, 'light': 201.0, 'temperature': 28.0}","{'nitrogen': 51, 'phosphorus': 72, 'potassium': 145}",images/image_20250415-160509.jpg
2025-04-15 16:05:18,"{'value': 276, 'percentage': 74}","{'ph_value': 7.35, 'depth': 2.0, 'light': 201.0, 'temperature': 28.0}","{'nitrogen': 51, 'phosphorus': 72, 'potassium': 145}",images/image_20250415-160518.jpg
2025-04-15 16:05:27,"{'value': 274, 'percentage': 74}","{'ph_value': 7.64, 'depth': 1.0, 'light': 201.0, 'temperature': 28.0}","{'nitrogen': 51, 'phosphorus': 72, 'potassium': 145}",images/image_20250415-160527.jpg
2025-04-15 16:05:36,"{'value': 277, 'percentage': 73}","{'ph_value': 7.31, 'depth': 2.0, 'light': 201.0, 'temperature': 28.0}","{'nitrogen': 51, 'phosphorus': 72, 'potassium': 145}",images/image_20250415-160536.jpg
2025-04-15 16:05:45,"{'value': 276, 'percentage': 74}","{'ph_value': 7.35, 'depth': 2.0, 'light': 201.0, 'temperature': 28.0}","{'nitrogen': 51, 'phosphorus': 72, 'potassium': 145}",images/image_20250415-160545.jpg
2025-04-15 16:05:54,"{'value': 276, 'percentage': 74}","{'ph_value': 7.31, 'depth': 2.0, 'light': 201.0, 'temperature': 28.0}","{'nitrogen': 51, 'phosphorus': 72, 'potassium': 145}",images/image_20250415-160554.jpg
2025-04-15 16:06:03,"{'value': 296, 'percentage': 72}","{'ph_value': 7.31, 'depth': 2.0, 'light': 202.0, 'temperature': 28.0}","{'nitrogen': 51, 'phosphorus': 72, 'potassium': 145}",images/image_20250415-160603.jpg
2025-04-15 16:06:12,"{'value': 274, 'percentage': 74}","{'ph_value': 7.31, 'depth': 2.0, 'light': 202.0, 'temperature': 28.0}","{'nitrogen': 51, 'phosphorus': 72, 'potassium': 145}",images/image_20250415-160612.jpg
2025-04-15 16:06:21,"{'value': 276, 'percentage': 74}","{'ph_value': 7.35, 'depth': 2.0, 'light': 202.0, 'temperature': 28.0}","{'nitrogen': 51, 'phosphorus': 72, 'potassium': 145}",images/image_20250415-160621.jpg
2025-04-15 16:06:30,"{'value': 274, 'percentage': 74}","{'ph_value': 7.31, 'depth': 2.0, 'light': 202.0, 'temperature': 28.0}","{'nitrogen': 51, 'phosphorus': 72, 'potassium': 145}",images/image_20250415-160630.jpg
2025-04-15 16:06:39,"{'value': 276, 'percentage': 74}","{'ph_value': 7.35, 'depth': 2.0, 'light': 202.0, 'temperature': 28.0}","{'nitrogen': 51, 'phosphorus': 72, 'potassium': 145}",images/image_20250415-160639.jpg
2025-04-15 16:06:48,"{'value': 276, 'percentage': 74}","{'ph_value': 7.38, 'depth': 2.0, 'light': 202.0, 'temperature': 28.0}","{'nitrogen': 51, 'phosphorus': 72, 'potassium': 145}",images/image_20250415-160648.jpg
2025-04-15 16:06:57,"{'value': 277, 'percentage': 73}","{'ph_value': 7.31, 'depth': 2.0, 'light': 202.0, 'temperature': 28.0}","{'nitrogen': 51, 'phosphorus': 72, 'potassium': 145}",images/image_20250415-160657.jpg
2025-04-15 16:07:07,"{'value': 279, 'percentage': 73}","{'ph_value': 7.38, 'depth': 2.0, 'light': 202.0, 'temperature': 28.0}","{'nitrogen': 51, 'phosphorus': 72, 'potassium': 145}",images/image_20250415-160707.jpg
2025-04-15 16:07:17,"{'value': 279, 'percentage': 73}","{'ph_value': 7.31, 'depth': 2.0, 'light': 202.0, 'temperature': 28.0}","{'nitrogen': 51, 'phosphorus': 72, 'potassium': 145}",images/image_20250415-160717.jpg
2025-04-15 16:07:26,"{'value': 277, 'percentage': 73}","{'ph_value': 7.35, 'depth': 2.0, 'light': 202.0, 'temperature': 28.0}","{'nitrogen': 51, 'phosphorus': 72, 'potassium': 145}",images/image_20250415-160726.jpg
2025-04-15 16:07:35,"{'value': 283, 'percentage': 73}","{'ph_value': 7.31, 'depth': 2.0, 'light': 202.0, 'temperature': 28.0}","{'nitrogen': 51, 'phosphorus': 72, 'potassium': 145}",images/image_20250415-160735.jpg
2025-04-15 16:07:44,"{'value': 291, 'percentage': 72}","{'ph_value': 7.35, 'depth': 2.0, 'light': 202.0, 'temperature': 28.0}","{'nitrogen': 51, 'phosphorus': 72, 'potassium': 145}",images/image_20250415-160744.jpg
2025-04-15 16:07:53,"{'value': 278, 'percentage': 73}","{'ph_value': 7.31, 'depth': 2.0, 'light': 201.0, 'temperature': 28.0}","{'nitrogen': 51, 'phosphorus': 72, 'potassium': 145}",images/image_20250415-160753.jpg
2025-04-15 16:08:02,"{'value': 279, 'percentage': 73}","{'ph_value': 7.35, 'depth': 2.0, 'light': 201.0, 'temperature': 28.0}","{'nitrogen': 51, 'phosphorus': 72, 'potassium': 145}",images/image_20250415-160802.jpg
2025-04-15 16:08:11,"{'value': 278, 'percentage': 73}","{'ph_value': 7.35, 'depth': 2.0, 'light': 201.0, 'temperature': 28.0}","{'nitrogen': 51, 'phosphorus': 72, 'potassium': 145}",images/image_20250415-160811.jpg
2025-04-15 16:08:20,"{'value': 276, 'percentage': 74}","{'ph_value': 7.31, 'depth': 2.0, 'light': 201.0, 'temperature': 28.0}","{'nitrogen': 51, 'phosphorus': 72, 'potassium': 145}",images/image_20250415-160820.jpg
2025-04-15 16:08:29,"{'value': 275, 'percentage': 74}","{'ph_value': 7.42, 'depth': 2.0, 'light': 201.0, 'temperature': 28.0}","{'nitrogen': 51, 'phosphorus': 72, 'potassium': 145}",images/image_20250415-160829.jpg
2025-04-15 16:08:38,"{'value': 281, 'percentage': 73}","{'ph_value': 7.35, 'depth': 2.0, 'light': 202.0, 'temperature': 28.0}","{'nitrogen': 51, 'phosphorus': 72, 'potassium': 145}",images/image_20250415-160838.jpg
2025-04-15 16:08:47,"{'value': 276, 'percentage': 74}","{'ph_value': 7.35, 'depth': 2.0, 'light': 202.0, 'temperature': 28.0}","{'nitrogen': 51, 'phosphorus': 72, 'potassium': 145}",images/image_20250415-160847.jpg
2025-04-15 16:08:56,"{'value': 288, 'percentage': 72}","{'ph_value': 7.31, 'depth': 2.0, 'light': 202.0, 'temperature': 28.0}","{'nitrogen': 51, 'phosphorus': 72, 'potassium': 145}",images/image_20250415-160856.jpg
2025-04-15 16:09:06,"{'value': 278, 'percentage': 73}","{'ph_value': 7.35, 'depth': 2.0, 'light': 202.0, 'temperature': 28.0}","{'nitrogen': 51, 'phosphorus': 72, 'potassium': 145}",images/image_20250415-160906.jpg
2025-04-15 16:09:22,"{'value': 278, 'percentage': 73}","{'ph_value': 7.31, 'depth': 2.0, 'light': 202.0, 'temperature': 28.0}","{'nitrogen': 51, 'phosphorus': 72, 'potassium': 145}",images/image_20250415-160922.jpg
2025-04-15 16:09:31,"{'value': 279, 'percentage': 73}","{'ph_value': 7.35, 'depth': 2.0, 'light': 202.0, 'temperature': 28.0}","{'nitrogen': 51, 'phosphorus': 72, 'potassium': 145}",images/image_20250415-160931.jpg
2025-04-15 16:09:40,"{'value': 277, 'percentage': 73}","{'ph_value': 7.31, 'depth': 2.0, 'light': 201.0, 'temperature': 28.0}","{'nitrogen': 51, 'phosphorus': 72, 'potassium': 145}",images/image_20250415-160940.jpg
2025-04-15 16:09:49,"{'value': 280, 'percentage': 73}","{'ph_value': 7.38, 'depth': 2.0, 'light': 201.0, 'temperature': 28.0}","{'nitrogen': 51, 'phosphorus': 72, 'potassium': 145}",images/image_20250415-160949.jpg
2025-04-15 16:09:58,"{'value': 278, 'percentage': 73}","{'ph_value': 7.64, 'depth': 2.0, 'light': 201.0, 'temperature': 28.0}","{'nitrogen': 51, 'phosphorus': 72, 'potassium': 145}",images/image_20250415-160958.jpg
2025-04-15 16:10:07,"{'value': 279, 'percentage': 73}","{'ph_value': 7.31, 'depth': 2.0, 'light': 201.0, 'temperature': 28.0}","{'nitrogen': 51, 'phosphorus': 72, 'potassium': 145}",images/image_20250415-161007.jpg
2025-04-15 16:10:16,"{'value': 278, 'percentage': 73}","{'ph_value': 7.35, 'depth': 1.0, 'light': 202.0, 'temperature': 28.0}","{'nitrogen': 51, 'phosphorus': 72, 'potassium': 145}",images/image_20250415-161016.jpg
2025-04-15 16:10:25,"{'value': 280, 'percentage': 73}","{'ph_value': 7.31, 'depth': 2.0, 'light': 202.0, 'temperature': 28.0}","{'nitrogen': 51, 'phosphorus': 72, 'potassium': 145}",images/image_20250415-161025.jpg
2025-04-15 16:10:36,"{'value': 279, 'percentage': 73}","{'ph_value': 7.35, 'depth': 2.0, 'light': 202.0, 'temperature': 28.0}","{'nitrogen': 51, 'phosphorus': 72, 'potassium': 145}",images/image_20250415-161036.jpg
2025-04-15 16:10:46,"{'value': 278, 'percentage': 73}","{'ph_value': 7.31, 'depth': 2.0, 'light': 202.0, 'temperature': 28.0}","{'nitrogen': 51, 'phosphorus': 72, 'potassium': 145}",images/image_20250415-161046.jpg
2025-04-15 16:10:54,"{'value': 281, 'percentage': 73}","{'ph_value': 7.35, 'depth': 2.0, 'light': 202.0, 'temperature': 28.0}","{'nitrogen': 51, 'phosphorus': 72, 'potassium': 145}",images/image_20250415-161054.jpg
2025-04-15 16:11:03,"{'value': 276, 'percentage': 74}","{'ph_value': 7.27, 'depth': 2.0, 'light': 201.0, 'temperature': 28.0}","{'nitrogen': 51, 'phosphorus': 72, 'potassium': 145}",images/image_20250415-161103.jpg
2025-04-15 16:11:14,"{'value': 278, 'percentage': 73}","{'ph_value': 7.31, 'depth': 2.0, 'light': 201.0, 'temperature': 28.0}","{'nitrogen': 51, 'phosphorus': 72, 'potassium': 145}",images/image_20250415-161114.jpg
2025-04-15 16:11:23,"{'value': 278, 'percentage': 73}","{'ph_value': 7.35, 'depth': 2.0, 'light': 201.0, 'temperature': 28.0}","{'nitrogen': 51, 'phosphorus': 72, 'potassium': 145}",images/image_20250415-161123.jpg
2025-04-15 16:11:33,"{'value': 276, 'percentage': 74}","{'ph_value': 7.35, 'depth': 1.0, 'light': 202.0, 'temperature': 28.0}","{'nitrogen': 51, 'phosphorus': 72, 'potassium': 145}",images/image_20250415-161133.jpg
2025-04-15 16:11:42,"{'value': 278, 'percentage': 73}","{'ph_value': 7.42, 'depth': 2.0, 'light': 202.0, 'temperature': 28.0}","{'nitrogen': 51, 'phosphorus': 72, 'potassium': 145}",images/image_20250415-161142.jpg
2025-04-15 16:11:51,"{'value': 277, 'percentage': 73}","{'ph_value': 7.35, 'depth': 2.0, 'light': 202.0, 'temperature': 28.0}","{'nitrogen': 51, 'phosphorus': 72, 'potassium': 145}",images/image_20250415-161151.jpg
2025-04-15 16:12:00,"{'value': 279, 'percentage': 73}","{'ph_value': 7.35, 'depth': 2.0, 'light': 202.0, 'temperature': 28.0}","{'nitrogen': 51, 'phosphorus': 72, 'potassium': 145}",images/image_20250415-161200.jpg
2025-04-15 16:12:09,"{'value': 281, 'percentage': 73}","{'ph_value': 7.31, 'depth': 2.0, 'light': 201.0, 'temperature': 28.0}","{'nitrogen': 51, 'phosphorus': 72, 'potassium': 145}",images/image_20250415-161209.jpg
2025-04-15 16:12:18,"{'value': 280, 'percentage': 73}","{'ph_value': 7.35, 'depth': 2.0, 'light': 201.0, 'temperature': 28.0}","{'nitrogen': 51, 'phosphorus': 72, 'potassium': 145}",images/image_20250415-161218.jpg
2025-04-15 16:12:27,"{'value': 280, 'percentage': 73}","{'ph_value': 7.31, 'depth': 2.0, 'light': 202.0, 'temperature': 28.0}","{'nitrogen': 51, 'phosphorus': 72, 'potassium': 145}",images/image_20250415-161227.jpg
2025-04-15 16:12:36,"{'value': 281, 'percentage': 73}","{'ph_value': 7.35, 'depth': 2.0, 'light': 202.0, 'temperature': 28.0}","{'nitrogen': 51, 'phosphorus': 72, 'potassium': 145}",images/image_20250415-161236.jpg
2025-04-15 16:12:45,"{'value': 279, 'percentage': 73}","{'ph_value': 7.35, 'depth': 2.0, 'light': 202.0, 'temperature': 28.0}","{'nitrogen': 51, 'phosphorus': 72, 'potassium': 145}",images/image_20250415-161245.jpg
2025-04-15 16:12:54,"{'value': 278, 'percentage': 73}","{'ph_value': 7.35, 'depth': 2.0, 'light': 201.0, 'temperature': 28.0}","{'nitrogen': 51, 'phosphorus': 72, 'potassium': 145}",images/image_20250415-161254.jpg
2025-04-15 16:13:03,"{'value': 279, 'percentage': 73}","{'ph_value': 7.64, 'depth': 2.0, 'light': 201.0, 'temperature': 28.0}","{'nitrogen': 51, 'phosphorus': 72, 'potassium': 145}",images/image_20250415-161303.jpg
2025-04-15 16:13:12,"{'value': 279, 'percentage': 73}","{'ph_value': 7.31, 'depth': 2.0, 'light': 202.0, 'temperature': 2.0}","{'nitrogen': 51, 'phosphorus': 72, 'potassium': 145}",images/image_20250415-161312.jpg
2025-04-15 16:13:23,"{'value': 280, 'percentage': 73}","{'ph_value': 7.35, 'depth': 1.0, 'light': 201.0, 'temperature': 28.0}","{'nitrogen': 51, 'phosphorus': 72, 'potassium': 145}",images/image_20250415-161323.jpg
2025-04-15 16:13:32,"{'value': 285, 'percentage': 73}","{'ph_value': 7.35, 'depth': 2.0, 'light': 201.0, 'temperature': 28.0}","{'nitrogen': 51, 'phosphorus': 72, 'potassium': 145}",images/image_20250415-161332.jpg
2025-04-15 16:13:41,"{'value': 278, 'percentage': 73}","{'ph_value': 7.35, 'depth': 2.0, 'light': 201.0, 'temperature': 28.0}","{'nitrogen': 51, 'phosphorus': 72, 'potassium': 145}",images/image_20250415-161341.jpg
2025-04-15 16:13:51,"{'value': 280, 'percentage': 73}","{'ph_value': 7.35, 'depth': 2.0, 'light': 201.0, 'temperature': 28.0}","{'nitrogen': 51, 'phosphorus': 72, 'potassium': 145}",images/image_20250415-161351.jpg
2025-04-15 16:14:00,"{'value': 280, 'percentage': 73}","{'ph_value': 7.38, 'depth': 1.0, 'light': 201.0, 'temperature': 28.0}","{'nitrogen': 51, 'phosphorus': 72, 'potassium': 145}",images/image_20250415-161400.jpg
2025-04-15 16:14:09,"{'value': 283, 'percentage': 73}","{'ph_value': 7.35, 'depth': 1.0, 'light': 201.0, 'temperature': 28.0}","{'nitrogen': 51, 'phosphorus': 72, 'potassium': 145}",images/image_20250415-161409.jpg
2025-04-15 16:14:18,"{'value': 276, 'percentage': 74}","{'ph_value': 7.42, 'depth': 1.0, 'light': 201.0, 'temperature': 28.0}","{'nitrogen': 51, 'phosphorus': 72, 'potassium': 145}",images/image_20250415-161418.jpg
2025-04-15 16:14:27,"{'value': 280, 'percentage': 73}","{'ph_value': 7.35, 'depth': 1.0, 'light': 202.0, 'temperature': 28.0}","{'nitrogen': 51, 'phosphorus': 72, 'potassium': 145}",images/image_20250415-161427.jpg
2025-04-15 16:14:36,"{'value': 281, 'percentage': 73}","{'ph_value': 7.35, 'depth': 1.0, 'light': 202.0, 'temperature': 28.0}","{'nitrogen': 51, 'phosphorus': 72, 'potassium': 145}",images/image_20250415-161436.jpg
2025-04-15 16:14:45,"{'value': 279, 'percentage': 73}","{'ph_value': 7.35, 'depth': 1.0, 'light': 202.0, 'temperature': 28.0}","{'nitrogen': 51, 'phosphorus': 72, 'potassium': 145}",images/image_20250415-161445.jpg
2025-04-15 16:14:54,"{'value': 280, 'percentage': 73}","{'ph_value': 7.35, 'depth': 2.0, 'light': 202.0, 'temperature': 28.0}","{'nitrogen': 51, 'phosphorus': 72, 'potassium': 145}",images/image_20250415-161454.jpg
2025-04-15 16:15:03,"{'value': 278, 'percentage': 73}","{'ph_value': 7.31, 'depth': 2.0, 'light': 202.0, 'temperature': 28.0}","{'nitrogen': 51, 'phosphorus': 72, 'potassium': 145}",images/image_20250415-161503.jpg
2025-04-15 16:15:13,"{'value': 282, 'percentage': 73}","{'ph_value': 7.35, 'depth': 2.0, 'light': 202.0, 'temperature': 28.0}","{'nitrogen': 51, 'phosphorus': 72, 'potassium': 145}",images/image_20250415-161513.jpg
2025-04-15 16:15:24,"{'value': 280, 'percentage': 73}","{'ph_value': 7.35, 'depth': 2.0, 'light': 202.0, 'temperature': 28.0}","{'nitrogen': 51, 'phosphorus': 72, 'potassium': 145}",images/image_20250415-161524.jpg
2025-04-15 16:15:33,"{'value': 279, 'percentage': 73}","{'ph_value': 7.35, 'depth': 1.0, 'light': 202.0, 'temperature': 28.0}","{'nitrogen': 51, 'phosphorus': 72, 'potassium': 145}",images/image_20250415-161533.jpg
2025-04-15 16:15:42,"{'value': 284, 'percentage': 73}","{'ph_value': 7.42, 'depth': 1.0, 'light': 202.0, 'temperature': 28.0}","{'nitrogen': 51, 'phosphorus': 72, 'potassium': 145}",images/image_20250415-161542.jpg
2025-04-15 16:15:52,"{'value': 280, 'percentage': 73}","{'ph_value': 7.31, 'depth': 2.0, 'light': 202.0, 'temperature': 28.0}","{'nitrogen': 51, 'phosphorus': 72, 'potassium': 145}",images/image_20250415-161552.jpg
2025-04-15 16:16:01,"{'value': 285, 'percentage': 73}","{'ph_value': 7.35, 'depth': 1.0, 'light': 202.0, 'temperature': 28.0}","{'nitrogen': 51, 'phosphorus': 72, 'potassium': 145}",images/image_20250415-161601.jpg
2025-04-15 16:16:10,"{'value': 282, 'percentage': 73}","{'ph_value': 7.35, 'depth': 1.0, 'light': 202.0, 'temperature': 28.0}","{'nitrogen': 51, 'phosphorus': 72, 'potassium': 145}",images/image_20250415-161610.jpg
2025-04-15 16:16:19,"{'value': 280, 'percentage': 73}","{'ph_value': 7.35, 'depth': 1.0, 'light': 202.0, 'temperature': 28.0}","{'nitrogen': 51, 'phosphorus': 72, 'potassium': 145}",images/image_20250415-161619.jpg
2025-04-15 16:16:28,"{'value': 281, 'percentage': 73}","{'ph_value': 7.35, 'depth': 1.0, 'light': 202.0, 'temperature': 28.0}","{'nitrogen': 51, 'phosphorus': 72, 'potassium': 145}",images/image_20250415-161628.jpg
2025-04-15 16:16:37,"{'value': 280, 'percentage': 73}","{'ph_value': 7.35, 'depth': 1.0, 'light': 202.0, 'temperature': 28.0}","{'nitrogen': 51, 'phosphorus': 72, 'potassium': 145}",images/image_20250415-161637.jpg
2025-04-15 16:16:45,"{'value': 279, 'percentage': 73}","{'ph_value': 7.31, 'depth': 2.0, 'light': 202.0, 'temperature': 28.0}","{'nitrogen': 51, 'phosphorus': 72, 'potassium': 145}",images/image_20250415-161645.jpg
2025-04-15 16:16:54,"{'value': 280, 'percentage': 73}","{'ph_value': 7.35, 'depth': 2.0, 'light': 202.0, 'temperature': 28.0}","{'nitrogen': 51, 'phosphorus': 72, 'potassium': 145}",images/image_20250415-161654.jpg
2025-04-15 16:17:03,"{'value': 283, 'percentage': 73}","{'ph_value': 7.42, 'depth': 1.0, 'light': 202.0, 'temperature': 28.0}","{'nitrogen': 51, 'phosphorus': 72, 'potassium': 145}",images/image_20250415-161703.jpg
